tecnologia,central,mwh,fecha_iso,hora_consulta,timestamp_local_iso,source_url
Biomasa,Privada Térmico Bagazo,0.0,2026-09-01,03:13:01,2026-09-01T03:13:01-06:00,https://apps.grupoice.com/CenceWeb/CenceBoletinIntraDiario.jsf?init=true
Eólico,BOT Eólico,50.71,2026-09-01,03:13:01,2026-09-01T03:13:01-06:00,https://apps.grupoice.com/CenceWeb/CenceBoletinIntraDiario.jsf?init=true
Eólico,Distribuidoras,15.36,2026-09-01,03:13:01,2026-09-01T03:13:01-06:00,https://apps.grupoice.com/CenceWeb/CenceBoletinIntraDiario.jsf?init=true
Eólico,Privada Eólico,36.72,2026-09-01,03:13:01,2026-09-01T03:13:01-06:00,https://apps.grupoice.com/CenceWeb/CenceBoletinIntraDiario.jsf?init=true
Hídrico,Angostura,116.98,2026-09-01,03:13:01,2026-09-01T03:13:01-06:00,https://apps.grupoice.com/CenceWeb/CenceBoletinIntraDiario.jsf?init=true
Hídrico,Arenal,65.61,2026-09-01,03:13:01,2026-09-01T03:13:01-06:00,https://apps.grupoice.com/CenceWeb/CenceBoletinIntraDiario.jsf?init=true
Hídrico,BOT Hidro,43.1,2026-09-01,03:13:01,2026-09-01T03:13:01-06:00,https://apps.grupoice.com/CenceWeb/CenceBoletinIntraDiario.jsf?init=true
Hídrico,Cachí,35.7,2026-09-01,03:13:01,2026-09-01T03:13:01-06:00,https://apps.grupoice.com/CenceWeb/CenceBoletinIntraDiario.jsf?init=true
Hídrico,Cariblanco,64.37,2026-09-01,03:13:01,2026-09-01T03:13:01-06:00,https://apps.grupoice.com/CenceWeb/CenceBoletinIntraDiario.jsf?init=true
Hídrico,Dengo,81.3,2026-09-01,03:13:01,2026-09-01T03:13:01-06:00,https://apps.grupoice.com/CenceWeb/CenceBoletinIntraDiario.jsf?init=true
Hídrico,Distribuidoras,240.94,2026-09-01,03:13:01,2026-09-01T03:13:01-06:00,https://apps.grupoice.com/CenceWeb/CenceBoletinIntraDiario.jsf?init=true
Hídrico,Echandi,0.0,2026-09-01,03:13:01,2026-09-01T03:13:01-06:00,https://apps.grupoice.com/CenceWeb/CenceBoletinIntraDiario.jsf?init=true
Hídrico,El General,40.18,2026-09-01,03:13:01,2026-09-01T03:13:01-06:00,https://apps.grupoice.com/CenceWeb/CenceBoletinIntraDiario.jsf?init=true
Hídrico,Garita,25.41,2026-09-01,03:13:01,2026-09-01T03:13:01-06:00,https://apps.grupoice.com/CenceWeb/CenceBoletinIntraDiario.jsf?init=true
Hídrico,La Joya,12.04,2026-09-01,03:13:01,2026-09-01T03:13:01-06:00,https://apps.grupoice.com/CenceWeb/CenceBoletinIntraDiario.jsf?init=true
Hídrico,Peñas Blancas,36.15,2026-09-01,03:13:01,2026-09-01T03:13:01-06:00,https://apps.grupoice.com/CenceWeb/CenceBoletinIntraDiario.jsf?init=true
Hídrico,Pirrís,0.0,2026-09-01,03:13:01,2026-09-01T03:13:01-06:00,https://apps.grupoice.com/CenceWeb/CenceBoletinIntraDiario.jsf?init=true
Hídrico,Privada Hidro,53.51,2026-09-01,03:13:01,2026-09-01T03:13:01-06:00,https://apps.grupoice.com/CenceWeb/CenceBoletinIntraDiario.jsf?init=true
Hídrico,Reventazón,106.32,2026-09-01,03:13:01,2026-09-01T03:13:01-06:00,https://apps.grupoice.com/CenceWeb/CenceBoletinIntraDiario.jsf?init=true
Hídrico,Río Macho,33.56,2026-09-01,03:13:01,2026-09-01T03:13:01-06:00,https://apps.grupoice.com/CenceWeb/CenceBoletinIntraDiario.jsf?init=true
Hídrico,Sandillal,11.13,2026-09-01,03:13:01,2026-09-01T03:13:01-06:00,https://apps.grupoice.com/CenceWeb/CenceBoletinIntraDiario.jsf?init=true
Hídrico,Toro I,20.59,2026-09-01,03:13:01,2026-09-01T03:13:01-06:00,https://apps.grupoice.com/CenceWeb/CenceBoletinIntraDiario.jsf?init=true
Hídrico,Toro II,52.9,2026-09-01,03:13:01,2026-09-01T03:13:01-06:00,https://apps.grupoice.com/CenceWeb/CenceBoletinIntraDiario.jsf?init=true
Hídrico,Toro III,40.29,2026-09-01,03:13:01,2026-09-01T03:13:01-06:00,https://apps.grupoice.com/CenceWeb/CenceBoletinIntraDiario.jsf?init=true
Hídrico,Ventanas-Garita,26.05,2026-09-01,03:13:01,2026-09-01T03:13:01-06:00,https://apps.grupoice.com/CenceWeb/CenceBoletinIntraDiario.jsf?init=true
Intercambio,Intercambio Norte,-171.17,2026-09-01,03:13:01,2026-09-01T03:13:01-06:00,https://apps.grupoice.com/CenceWeb/CenceBoletinIntraDiario.jsf?init=true
Intercambio,Intercambio Sur,-1.48,2026-09-01,03:13:01,2026-09-01T03:13:01-06:00,https://apps.grupoice.com/CenceWeb/CenceBoletinIntraDiario.jsf?init=true
Solar,Otras Solar,0.0,2026-09-01,03:13:01,2026-09-01T03:13:01-06:00,https://apps.grupoice.com/CenceWeb/CenceBoletinIntraDiario.jsf?init=true
Solar,PSFV San Antonio,0.0,2026-09-01,03:13:01,2026-09-01T03:13:01-06:00,https://apps.grupoice.com/CenceWeb/CenceBoletinIntraDiario.jsf?init=true
Solar,Parque Solar Miravalles,0.0,2026-09-01,03:13:01,2026-09-01T03:13:01-06:00,https://apps.grupoice.com/CenceWeb/CenceBoletinIntraDiario.jsf?init=true
Solar,Privada Solar,0.0,2026-09-01,03:13:01,2026-09-01T03:13:01-06:00,https://apps.grupoice.com/CenceWeb/CenceBoletinIntraDiario.jsf?init=true
Térmico,Boca de Pozo,4.26,2026-09-01,03:13:01,2026-09-01T03:13:01-06:00,https://apps.grupoice.com/CenceWeb/CenceBoletinIntraDiario.jsf?init=true
Térmico,Garabito,0.0,2026-09-01,03:13:01,2026-09-01T03:13:01-06:00,https://apps.grupoice.com/CenceWeb/CenceBoletinIntraDiario.jsf?init=true
Térmico,Guápiles,0.0,2026-09-01,03:13:01,2026-09-01T03:13:01-06:00,https://apps.grupoice.com/CenceWeb/CenceBoletinIntraDiario.jsf?init=true
Térmico,Las Pailas II,52.3,2026-09-01,03:13:01,2026-09-01T03:13:01-06:00,https://apps.grupoice.com/CenceWeb/CenceBoletinIntraDiario.jsf?init=true
Térmico,Miravalles I,35.99,2026-09-01,03:13:01,2026-09-01T03:13:01-06:00,https://apps.grupoice.com/CenceWeb/CenceBoletinIntraDiario.jsf?init=true
Térmico,Miravalles II,44.23,2026-09-01,03:13:01,2026-09-01T03:13:01-06:00,https://apps.grupoice.com/CenceWeb/CenceBoletinIntraDiario.jsf?init=true
Térmico,Miravalles III,18.48,2026-09-01,03:13:01,2026-09-01T03:13:01-06:00,https://apps.grupoice.com/CenceWeb/CenceBoletinIntraDiario.jsf?init=true
Térmico,Moín II,0.0,2026-09-01,03:13:01,2026-09-01T03:13:01-06:00,https://apps.grupoice.com/CenceWeb/CenceBoletinIntraDiario.jsf?init=true
Térmico,Moín III,0.0,2026-09-01,03:13:01,2026-09-01T03:13:01-06:00,https://apps.grupoice.com/CenceWeb/CenceBoletinIntraDiario.jsf?init=true
Térmico,Orotina,0.0,2026-09-01,03:13:01,2026-09-01T03:13:01-06:00,https://apps.grupoice.com/CenceWeb/CenceBoletinIntraDiario.jsf?init=true
Térmico,PTA Garabito,0.0,2026-09-01,03:13:01,2026-09-01T03:13:01-06:00,https://apps.grupoice.com/CenceWeb/CenceBoletinIntraDiario.jsf?init=true
Térmico,PTA Moín,0.0,2026-09-01,03:13:01,2026-09-01T03:13:01-06:00,https://apps.grupoice.com/CenceWeb/CenceBoletinIntraDiario.jsf?init=true
Térmico,Pailas,30.73,2026-09-01,03:13:01,2026-09-01T03:13:01-06:00,https://apps.grupoice.com/CenceWeb/CenceBoletinIntraDiario.jsf?init=true
Biomasa,Privada Térmico Bagazo,0.0,2026-09-01,08:33:36,2026-09-01T08:33:36-06:00,https://apps.grupoice.com/CenceWeb/CenceBoletinIntraDiario.jsf?init=true
Eólico,BOT Eólico,33.09,2026-09-01,08:33:36,2026-09-01T08:33:36-06:00,https://apps.grupoice.com/CenceWeb/CenceBoletinIntraDiario.jsf?init=true
Eólico,Distribuidoras,10.3,2026-09-01,08:33:36,2026-09-01T08:33:36-06:00,https://apps.grupoice.com/CenceWeb/CenceBoletinIntraDiario.jsf?init=true
Eólico,Privada Eólico,23.17,2026-09-01,08:33:36,2026-09-01T08:33:36-06:00,https://apps.grupoice.com/CenceWeb/CenceBoletinIntraDiario.jsf?init=true
Eólico,Tejona,0.0,2026-09-01,08:33:36,2026-09-01T08:33:36-06:00,https://apps.grupoice.com/CenceWeb/CenceBoletinIntraDiario.jsf?init=true
Hídrico,Angostura,118.57,2026-09-01,08:33:36,2026-09-01T08:33:36-06:00,https://apps.grupoice.com/CenceWeb/CenceBoletinIntraDiario.jsf?init=true
Hídrico,Arenal,99.05,2026-09-01,08:33:36,2026-09-01T08:33:36-06:00,https://apps.grupoice.com/CenceWeb/CenceBoletinIntraDiario.jsf?init=true
Hídrico,BOT Hidro,44.71,2026-09-01,08:33:36,2026-09-01T08:33:36-06:00,https://apps.grupoice.com/CenceWeb/CenceBoletinIntraDiario.jsf?init=true
Hídrico,Cachí,74.21,2026-09-01,08:33:36,2026-09-01T08:33:36-06:00,https://apps.grupoice.com/CenceWeb/CenceBoletinIntraDiario.jsf?init=true
Hídrico,Cariblanco,40.85,2026-09-01,08:33:36,2026-09-01T08:33:36-06:00,https://apps.grupoice.com/CenceWeb/CenceBoletinIntraDiario.jsf?init=true
Hídrico,Dengo,114.66,2026-09-01,08:33:36,2026-09-01T08:33:36-06:00,https://apps.grupoice.com/CenceWeb/CenceBoletinIntraDiario.jsf?init=true
Hídrico,Distribuidoras,262.43,2026-09-01,08:33:36,2026-09-01T08:33:36-06:00,https://apps.grupoice.com/CenceWeb/CenceBoletinIntraDiario.jsf?init=true
Hídrico,Echandi,0.0,2026-09-01,08:33:36,2026-09-01T08:33:36-06:00,https://apps.grupoice.com/CenceWeb/CenceBoletinIntraDiario.jsf?init=true
Hídrico,El General,40.16,2026-09-01,08:33:36,2026-09-01T08:33:36-06:00,https://apps.grupoice.com/CenceWeb/CenceBoletinIntraDiario.jsf?init=true
Hídrico,Garita,8.04,2026-09-01,08:33:36,2026-09-01T08:33:36-06:00,https://apps.grupoice.com/CenceWeb/CenceBoletinIntraDiario.jsf?init=true
Hídrico,La Joya,33.28,2026-09-01,08:33:36,2026-09-01T08:33:36-06:00,https://apps.grupoice.com/CenceWeb/CenceBoletinIntraDiario.jsf?init=true
Hídrico,Peñas Blancas,35.54,2026-09-01,08:33:36,2026-09-01T08:33:36-06:00,https://apps.grupoice.com/CenceWeb/CenceBoletinIntraDiario.jsf?init=true
Hídrico,Pirrís,0.0,2026-09-01,08:33:36,2026-09-01T08:33:36-06:00,https://apps.grupoice.com/CenceWeb/CenceBoletinIntraDiario.jsf?init=true
Hídrico,Privada Hidro,53.52,2026-09-01,08:33:36,2026-09-01T08:33:36-06:00,https://apps.grupoice.com/CenceWeb/CenceBoletinIntraDiario.jsf?init=true
Hídrico,Reventazón,224.58,2026-09-01,08:33:36,2026-09-01T08:33:36-06:00,https://apps.grupoice.com/CenceWeb/CenceBoletinIntraDiario.jsf?init=true
Hídrico,Río Macho,85.68,2026-09-01,08:33:36,2026-09-01T08:33:36-06:00,https://apps.grupoice.com/CenceWeb/CenceBoletinIntraDiario.jsf?init=true
Hídrico,Sandillal,12.86,2026-09-01,08:33:36,2026-09-01T08:33:36-06:00,https://apps.grupoice.com/CenceWeb/CenceBoletinIntraDiario.jsf?init=true
Hídrico,Toro I,19.86,2026-09-01,08:33:36,2026-09-01T08:33:36-06:00,https://apps.grupoice.com/CenceWeb/CenceBoletinIntraDiario.jsf?init=true
Hídrico,Toro II,61.24,2026-09-01,08:33:36,2026-09-01T08:33:36-06:00,https://apps.grupoice.com/CenceWeb/CenceBoletinIntraDiario.jsf?init=true
Hídrico,Toro III,44.42,2026-09-01,08:33:36,2026-09-01T08:33:36-06:00,https://apps.grupoice.com/CenceWeb/CenceBoletinIntraDiario.jsf?init=true
Hídrico,Ventanas-Garita,30.65,2026-09-01,08:33:36,2026-09-01T08:33:36-06:00,https://apps.grupoice.com/CenceWeb/CenceBoletinIntraDiario.jsf?init=true
Intercambio,Intercambio Norte,-88.28,2026-09-01,08:33:36,2026-09-01T08:33:36-06:00,https://apps.grupoice.com/CenceWeb/CenceBoletinIntraDiario.jsf?init=true
Intercambio,Intercambio Sur,0.77,2026-09-01,08:33:36,2026-09-01T08:33:36-06:00,https://apps.grupoice.com/CenceWeb/CenceBoletinIntraDiario.jsf?init=true
Solar,Otras Solar,1.86,2026-09-01,08:33:36,2026-09-01T08:33:36-06:00,https://apps.grupoice.com/CenceWeb/CenceBoletinIntraDiario.jsf?init=true
Solar,PSFV San Antonio,2.55,2026-09-01,08:33:36,2026-09-01T08:33:36-06:00,https://apps.grupoice.com/CenceWeb/CenceBoletinIntraDiario.jsf?init=true
Solar,Parque Solar Miravalles,0.0,2026-09-01,08:33:36,2026-09-01T08:33:36-06:00,https://apps.grupoice.com/CenceWeb/CenceBoletinIntraDiario.jsf?init=true
Solar,Privada Solar,2.71,2026-09-01,08:33:36,2026-09-01T08:33:36-06:00,https://apps.grupoice.com/CenceWeb/CenceBoletinIntraDiario.jsf?init=true
Térmico,Boca de Pozo,4.29,2026-09-01,08:33:36,2026-09-01T08:33:36-06:00,https://apps.grupoice.com/CenceWeb/CenceBoletinIntraDiario.jsf?init=true
Térmico,Garabito,0.0,2026-09-01,08:33:36,2026-09-01T08:33:36-06:00,https://apps.grupoice.com/CenceWeb/CenceBoletinIntraDiario.jsf?init=true
Térmico,Guápiles,0.0,2026-09-01,08:33:36,2026-09-01T08:33:36-06:00,https://apps.grupoice.com/CenceWeb/CenceBoletinIntraDiario.jsf?init=true
Térmico,Las Pailas II,51.98,2026-09-01,08:33:36,2026-09-01T08:33:36-06:00,https://apps.grupoice.com/CenceWeb/CenceBoletinIntraDiario.jsf?init=true
Térmico,Miravalles I,35.8,2026-09-01,08:33:36,2026-09-01T08:33:36-06:00,https://apps.grupoice.com/CenceWeb/CenceBoletinIntraDiario.jsf?init=true
Térmico,Miravalles II,43.95,2026-09-01,08:33:36,2026-09-01T08:33:36-06:00,https://apps.grupoice.com/CenceWeb/CenceBoletinIntraDiario.jsf?init=true
Térmico,Miravalles III,18.3,2026-09-01,08:33:36,2026-09-01T08:33:36-06:00,https://apps.grupoice.com/CenceWeb/CenceBoletinIntraDiario.jsf?init=true
Térmico,Miravalles V,0.0,2026-09-01,08:33:36,2026-09-01T08:33:36-06:00,https://apps.grupoice.com/CenceWeb/CenceBoletinIntraDiario.jsf?init=true
Térmico,Moín II,0.0,2026-09-01,08:33:36,2026-09-01T08:33:36-06:00,https://apps.grupoice.com/CenceWeb/CenceBoletinIntraDiario.jsf?init=true
Térmico,Moín III,0.0,2026-09-01,08:33:36,2026-09-01T08:33:36-06:00,https://apps.grupoice.com/CenceWeb/CenceBoletinIntraDiario.jsf?init=true
Térmico,Orotina,0.0,2026-09-01,08:33:36,2026-09-01T08:33:36-06:00,https://apps.grupoice.com/CenceWeb/CenceBoletinIntraDiario.jsf?init=true
Térmico,PTA Garabito,0.0,2026-09-01,08:33:36,2026-09-01T08:33:36-06:00,https://apps.grupoice.com/CenceWeb/CenceBoletinIntraDiario.jsf?init=true
Térmico,PTA Moín,0.0,2026-09-01,08:33:36,2026-09-01T08:33:36-06:00,https://apps.grupoice.com/CenceWeb/CenceBoletinIntraDiario.jsf?init=true
Térmico,Pailas,30.8,2026-09-01,08:33:36,2026-09-01T08:33:36-06:00,https://apps.grupoice.com/CenceWeb/CenceBoletinIntraDiario.jsf?init=true
Biomasa,Privada Térmico Bagazo,0.0,2026-09-01,13:14:17,2026-09-01T13:14:17-06:00,https://apps.grupoice.com/CenceWeb/CenceBoletinIntraDiario.jsf?init=true
Eólico,BOT Eólico,67.88,2026-09-01,13:14:17,2026-09-01T13:14:17-06:00,https://apps.grupoice.com/CenceWeb/CenceBoletinIntraDiario.jsf?init=true
Eólico,Distribuidoras,27.22,2026-09-01,13:14:17,2026-09-01T13:14:17-06:00,https://apps.grupoice.com/CenceWeb/CenceBoletinIntraDiario.jsf?init=true
Eólico,Privada Eólico,54.72,2026-09-01,13:14:17,2026-09-01T13:14:17-06:00,https://apps.grupoice.com/CenceWeb/CenceBoletinIntraDiario.jsf?init=true
Hídrico,Angostura,118.98,2026-09-01,13:14:17,2026-09-01T13:14:17-06:00,https://apps.grupoice.com/CenceWeb/CenceBoletinIntraDiario.jsf?init=true
Hídrico,Arenal,72.31,2026-09-01,13:14:17,2026-09-01T13:14:17-06:00,https://apps.grupoice.com/CenceWeb/CenceBoletinIntraDiario.jsf?init=true
Hídrico,BOT Hidro,94.86,2026-09-01,13:14:17,2026-09-01T13:14:17-06:00,https://apps.grupoice.com/CenceWeb/CenceBoletinIntraDiario.jsf?init=true
Hídrico,Cachí,75.45,2026-09-01,13:14:17,2026-09-01T13:14:17-06:00,https://apps.grupoice.com/CenceWeb/CenceBoletinIntraDiario.jsf?init=true
Hídrico,Cariblanco,62.95,2026-09-01,13:14:17,2026-09-01T13:14:17-06:00,https://apps.grupoice.com/CenceWeb/CenceBoletinIntraDiario.jsf?init=true
Hídrico,Dengo,87.15,2026-09-01,13:14:17,2026-09-01T13:14:17-06:00,https://apps.grupoice.com/CenceWeb/CenceBoletinIntraDiario.jsf?init=true
Hídrico,Distribuidoras,299.28,2026-09-01,13:14:17,2026-09-01T13:14:17-06:00,https://apps.grupoice.com/CenceWeb/CenceBoletinIntraDiario.jsf?init=true
Hídrico,Echandi,0.0,2026-09-01,13:14:17,2026-09-01T13:14:17-06:00,https://apps.grupoice.com/CenceWeb/CenceBoletinIntraDiario.jsf?init=true
Hídrico,El General,40.16,2026-09-01,13:14:17,2026-09-01T13:14:17-06:00,https://apps.grupoice.com/CenceWeb/CenceBoletinIntraDiario.jsf?init=true
Hídrico,Garita,0.0,2026-09-01,13:14:17,2026-09-01T13:14:17-06:00,https://apps.grupoice.com/CenceWeb/CenceBoletinIntraDiario.jsf?init=true
Hídrico,La Joya,32.24,2026-09-01,13:14:17,2026-09-01T13:14:17-06:00,https://apps.grupoice.com/CenceWeb/CenceBoletinIntraDiario.jsf?init=true
Hídrico,Peñas Blancas,36.17,2026-09-01,13:14:17,2026-09-01T13:14:17-06:00,https://apps.grupoice.com/CenceWeb/CenceBoletinIntraDiario.jsf?init=true
Hídrico,Pirrís,0.0,2026-09-01,13:14:17,2026-09-01T13:14:17-06:00,https://apps.grupoice.com/CenceWeb/CenceBoletinIntraDiario.jsf?init=true
Hídrico,Privada Hidro,53.39,2026-09-01,13:14:17,2026-09-01T13:14:17-06:00,https://apps.grupoice.com/CenceWeb/CenceBoletinIntraDiario.jsf?init=true
Hídrico,Reventazón,219.39,2026-09-01,13:14:17,2026-09-01T13:14:17-06:00,https://apps.grupoice.com/CenceWeb/CenceBoletinIntraDiario.jsf?init=true
Hídrico,Río Macho,67.27,2026-09-01,13:14:17,2026-09-01T13:14:17-06:00,https://apps.grupoice.com/CenceWeb/CenceBoletinIntraDiario.jsf?init=true
Hídrico,Sandillal,13.52,2026-09-01,13:14:17,2026-09-01T13:14:17-06:00,https://apps.grupoice.com/CenceWeb/CenceBoletinIntraDiario.jsf?init=true
Hídrico,Toro I,20.04,2026-09-01,13:14:17,2026-09-01T13:14:17-06:00,https://apps.grupoice.com/CenceWeb/CenceBoletinIntraDiario.jsf?init=true
Hídrico,Toro II,59.88,2026-09-01,13:14:17,2026-09-01T13:14:17-06:00,https://apps.grupoice.com/CenceWeb/CenceBoletinIntraDiario.jsf?init=true
Hídrico,Toro III,43.66,2026-09-01,13:14:17,2026-09-01T13:14:17-06:00,https://apps.grupoice.com/CenceWeb/CenceBoletinIntraDiario.jsf?init=true
Hídrico,Ventanas-Garita,70.1,2026-09-01,13:14:17,2026-09-01T13:14:17-06:00,https://apps.grupoice.com/CenceWeb/CenceBoletinIntraDiario.jsf?init=true
Intercambio,Intercambio Norte,-82.27,2026-09-01,13:14:17,2026-09-01T13:14:17-06:00,https://apps.grupoice.com/CenceWeb/CenceBoletinIntraDiario.jsf?init=true
Intercambio,Intercambio Sur,-1.96,2026-09-01,13:14:17,2026-09-01T13:14:17-06:00,https://apps.grupoice.com/CenceWeb/CenceBoletinIntraDiario.jsf?init=true
Solar,Otras Solar,4.48,2026-09-01,13:14:17,2026-09-01T13:14:17-06:00,https://apps.grupoice.com/CenceWeb/CenceBoletinIntraDiario.jsf?init=true
Solar,PSFV San Antonio,5.09,2026-09-01,13:14:17,2026-09-01T13:14:17-06:00,https://apps.grupoice.com/CenceWeb/CenceBoletinIntraDiario.jsf?init=true
Solar,Parque Solar Miravalles,0.1,2026-09-01,13:14:17,2026-09-01T13:14:17-06:00,https://apps.grupoice.com/CenceWeb/CenceBoletinIntraDiario.jsf?init=true
Solar,Privada Solar,18.98,2026-09-01,13:14:17,2026-09-01T13:14:17-06:00,https://apps.grupoice.com/CenceWeb/CenceBoletinIntraDiario.jsf?init=true
Térmico,Boca de Pozo,4.26,2026-09-01,13:14:17,2026-09-01T13:14:17-06:00,https://apps.grupoice.com/CenceWeb/CenceBoletinIntraDiario.jsf?init=true
Térmico,Garabito,54.63,2026-09-01,13:14:17,2026-09-01T13:14:17-06:00,https://apps.grupoice.com/CenceWeb/CenceBoletinIntraDiario.jsf?init=true
Térmico,Guápiles,0.0,2026-09-01,13:14:17,2026-09-01T13:14:17-06:00,https://apps.grupoice.com/CenceWeb/CenceBoletinIntraDiario.jsf?init=true
Térmico,Las Pailas II,52.33,2026-09-01,13:14:17,2026-09-01T13:14:17-06:00,https://apps.grupoice.com/CenceWeb/CenceBoletinIntraDiario.jsf?init=true
Térmico,Miravalles I,35.82,2026-09-01,13:14:17,2026-09-01T13:14:17-06:00,https://apps.grupoice.com/CenceWeb/CenceBoletinIntraDiario.jsf?init=true
Térmico,Miravalles II,43.95,2026-09-01,13:14:17,2026-09-01T13:14:17-06:00,https://apps.grupoice.com/CenceWeb/CenceBoletinIntraDiario.jsf?init=true
Térmico,Miravalles III,18.33,2026-09-01,13:14:17,2026-09-01T13:14:17-06:00,https://apps.grupoice.com/CenceWeb/CenceBoletinIntraDiario.jsf?init=true
Térmico,Moín II,27.76,2026-09-01,13:14:17,2026-09-01T13:14:17-06:00,https://apps.grupoice.com/CenceWeb/CenceBoletinIntraDiario.jsf?init=true
Térmico,Moín III,0.0,2026-09-01,13:14:17,2026-09-01T13:14:17-06:00,https://apps.grupoice.com/CenceWeb/CenceBoletinIntraDiario.jsf?init=true
Térmico,Orotina,0.0,2026-09-01,13:14:17,2026-09-01T13:14:17-06:00,https://apps.grupoice.com/CenceWeb/CenceBoletinIntraDiario.jsf?init=true
Térmico,PTA Garabito,0.0,2026-09-01,13:14:17,2026-09-01T13:14:17-06:00,https://apps.grupoice.com/CenceWeb/CenceBoletinIntraDiario.jsf?init=true
Térmico,PTA Moín,0.0,2026-09-01,13:14:17,2026-09-01T13:14:17-06:00,https://apps.grupoice.com/CenceWeb/CenceBoletinIntraDiario.jsf?init=true
Térmico,Pailas,30.66,2026-09-01,13:14:17,2026-09-01T13:14:17-06:00,https://apps.grupoice.com/CenceWeb/CenceBoletinIntraDiario.jsf?init=true
Biomasa,Privada Térmico Bagazo,0.0,2026-09-01,16:25:05,2026-09-01T16:25:05-06:00,https://apps.grupoice.com/CenceWeb/CenceBoletinIntraDiario.jsf?init=true
Eólico,BOT Eólico,93.68,2026-09-01,16:25:05,2026-09-01T16:25:05-06:00,https://apps.grupoice.com/CenceWeb/CenceBoletinIntraDiario.jsf?init=true
Eólico,Distribuidoras,42.54,2026-09-01,16:25:05,2026-09-01T16:25:05-06:00,https://apps.grupoice.com/CenceWeb/CenceBoletinIntraDiario.jsf?init=true
Eólico,Privada Eólico,81.81,2026-09-01,16:25:05,2026-09-01T16:25:05-06:00,https://apps.grupoice.com/CenceWeb/CenceBoletinIntraDiario.jsf?init=true
Hídrico,Angostura,120.01,2026-09-01,16:25:05,2026-09-01T16:25:05-06:00,https://apps.grupoice.com/CenceWeb/CenceBoletinIntraDiario.jsf?init=true
Hídrico,Arenal,67.11,2026-09-01,16:25:05,2026-09-01T16:25:05-06:00,https://apps.grupoice.com/CenceWeb/CenceBoletinIntraDiario.jsf?init=true
Hídrico,BOT Hidro,94.21,2026-09-01,16:25:05,2026-09-01T16:25:05-06:00,https://apps.grupoice.com/CenceWeb/CenceBoletinIntraDiario.jsf?init=true
Hídrico,Cachí,75.69,2026-09-01,16:25:05,2026-09-01T16:25:05-06:00,https://apps.grupoice.com/CenceWeb/CenceBoletinIntraDiario.jsf?init=true
Hídrico,Cariblanco,80.82,2026-09-01,16:25:05,2026-09-01T16:25:05-06:00,https://apps.grupoice.com/CenceWeb/CenceBoletinIntraDiario.jsf?init=true
Hídrico,Dengo,84.83,2026-09-01,16:25:05,2026-09-01T16:25:05-06:00,https://apps.grupoice.com/CenceWeb/CenceBoletinIntraDiario.jsf?init=true
Hídrico,Distribuidoras,248.89,2026-09-01,16:25:05,2026-09-01T16:25:05-06:00,https://apps.grupoice.com/CenceWeb/CenceBoletinIntraDiario.jsf?init=true
Hídrico,Echandi,0.0,2026-09-01,16:25:05,2026-09-01T16:25:05-06:00,https://apps.grupoice.com/CenceWeb/CenceBoletinIntraDiario.jsf?init=true
Hídrico,El General,40.17,2026-09-01,16:25:05,2026-09-01T16:25:05-06:00,https://apps.grupoice.com/CenceWeb/CenceBoletinIntraDiario.jsf?init=true
Hídrico,Garita,0.0,2026-09-01,16:25:05,2026-09-01T16:25:05-06:00,https://apps.grupoice.com/CenceWeb/CenceBoletinIntraDiario.jsf?init=true
Hídrico,La Joya,32.24,2026-09-01,16:25:05,2026-09-01T16:25:05-06:00,https://apps.grupoice.com/CenceWeb/CenceBoletinIntraDiario.jsf?init=true
Hídrico,Peñas Blancas,36.15,2026-09-01,16:25:05,2026-09-01T16:25:05-06:00,https://apps.grupoice.com/CenceWeb/CenceBoletinIntraDiario.jsf?init=true
Hídrico,Pirrís,0.0,2026-09-01,16:25:05,2026-09-01T16:25:05-06:00,https://apps.grupoice.com/CenceWeb/CenceBoletinIntraDiario.jsf?init=true
Hídrico,Privada Hidro,53.35,2026-09-01,16:25:05,2026-09-01T16:25:05-06:00,https://apps.grupoice.com/CenceWeb/CenceBoletinIntraDiario.jsf?init=true
Hídrico,Reventazón,226.85,2026-09-01,16:25:05,2026-09-01T16:25:05-06:00,https://apps.grupoice.com/CenceWeb/CenceBoletinIntraDiario.jsf?init=true
Hídrico,Río Macho,61.25,2026-09-01,16:25:05,2026-09-01T16:25:05-06:00,https://apps.grupoice.com/CenceWeb/CenceBoletinIntraDiario.jsf?init=true
Hídrico,Sandillal,13.4,2026-09-01,16:25:05,2026-09-01T16:25:05-06:00,https://apps.grupoice.com/CenceWeb/CenceBoletinIntraDiario.jsf?init=true
Hídrico,Toro I,14.1,2026-09-01,16:25:05,2026-09-01T16:25:05-06:00,https://apps.grupoice.com/CenceWeb/CenceBoletinIntraDiario.jsf?init=true
Hídrico,Toro II,46.29,2026-09-01,16:25:05,2026-09-01T16:25:05-06:00,https://apps.grupoice.com/CenceWeb/CenceBoletinIntraDiario.jsf?init=true
Hídrico,Toro III,35.38,2026-09-01,16:25:05,2026-09-01T16:25:05-06:00,https://apps.grupoice.com/CenceWeb/CenceBoletinIntraDiario.jsf?init=true
Hídrico,Ventanas-Garita,57.06,2026-09-01,16:25:05,2026-09-01T16:25:05-06:00,https://apps.grupoice.com/CenceWeb/CenceBoletinIntraDiario.jsf?init=true
Intercambio,Intercambio Norte,-63.89,2026-09-01,16:25:05,2026-09-01T16:25:05-06:00,https://apps.grupoice.com/CenceWeb/CenceBoletinIntraDiario.jsf?init=true
Intercambio,Intercambio Sur,4.38,2026-09-01,16:25:05,2026-09-01T16:25:05-06:00,https://apps.grupoice.com/CenceWeb/CenceBoletinIntraDiario.jsf?init=true
Solar,Otras Solar,1.23,2026-09-01,16:25:05,2026-09-01T16:25:05-06:00,https://apps.grupoice.com/CenceWeb/CenceBoletinIntraDiario.jsf?init=true
Solar,PSFV San Antonio,2.94,2026-09-01,16:25:05,2026-09-01T16:25:05-06:00,https://apps.grupoice.com/CenceWeb/CenceBoletinIntraDiario.jsf?init=true
Solar,Parque Solar Miravalles,0.03,2026-09-01,16:25:05,2026-09-01T16:25:05-06:00,https://apps.grupoice.com/CenceWeb/CenceBoletinIntraDiario.jsf?init=true
Solar,Privada Solar,4.87,2026-09-01,16:25:05,2026-09-01T16:25:05-06:00,https://apps.grupoice.com/CenceWeb/CenceBoletinIntraDiario.jsf?init=true
Térmico,Boca de Pozo,4.26,2026-09-01,16:25:05,2026-09-01T16:25:05-06:00,https://apps.grupoice.com/CenceWeb/CenceBoletinIntraDiario.jsf?init=true
Térmico,Garabito,58.93,2026-09-01,16:25:05,2026-09-01T16:25:05-06:00,https://apps.grupoice.com/CenceWeb/CenceBoletinIntraDiario.jsf?init=true
Térmico,Guápiles,0.0,2026-09-01,16:25:05,2026-09-01T16:25:05-06:00,https://apps.grupoice.com/CenceWeb/CenceBoletinIntraDiario.jsf?init=true
Térmico,Las Pailas II,52.35,2026-09-01,16:25:05,2026-09-01T16:25:05-06:00,https://apps.grupoice.com/CenceWeb/CenceBoletinIntraDiario.jsf?init=true
Térmico,Miravalles I,35.98,2026-09-01,16:25:05,2026-09-01T16:25:05-06:00,https://apps.grupoice.com/CenceWeb/CenceBoletinIntraDiario.jsf?init=true
Térmico,Miravalles II,44.04,2026-09-01,16:25:05,2026-09-01T16:25:05-06:00,https://apps.grupoice.com/CenceWeb/CenceBoletinIntraDiario.jsf?init=true
Térmico,Miravalles III,18.37,2026-09-01,16:25:05,2026-09-01T16:25:05-06:00,https://apps.grupoice.com/CenceWeb/CenceBoletinIntraDiario.jsf?init=true
Térmico,Moín II,2.01,2026-09-01,16:25:05,2026-09-01T16:25:05-06:00,https://apps.grupoice.com/CenceWeb/CenceBoletinIntraDiario.jsf?init=true
Térmico,Moín III,0.0,2026-09-01,16:25:05,2026-09-01T16:25:05-06:00,https://apps.grupoice.com/CenceWeb/CenceBoletinIntraDiario.jsf?init=true
Térmico,Orotina,0.0,2026-09-01,16:25:05,2026-09-01T16:25:05-06:00,https://apps.grupoice.com/CenceWeb/CenceBoletinIntraDiario.jsf?init=true
Térmico,PTA Garabito,0.0,2026-09-01,16:25:05,2026-09-01T16:25:05-06:00,https://apps.grupoice.com/CenceWeb/CenceBoletinIntraDiario.jsf?init=true
Térmico,PTA Moín,0.0,2026-09-01,16:25:05,2026-09-01T16:25:05-06:00,https://apps.grupoice.com/CenceWeb/CenceBoletinIntraDiario.jsf?init=true
Térmico,Pailas,30.61,2026-09-01,16:25:05,2026-09-01T16:25:05-06:00,https://apps.grupoice.com/CenceWeb/CenceBoletinIntraDiario.jsf?init=true
Biomasa,Privada Térmico Bagazo,0.0,2026-09-01,21:11:41,2026-09-01T21:11:41-06:00,https://apps.grupoice.com/CenceWeb/CenceBoletinIntraDiario.jsf?init=true
Eólico,BOT Eólico,75.38,2026-09-01,21:11:41,2026-09-01T21:11:41-06:00,https://apps.grupoice.com/CenceWeb/CenceBoletinIntraDiario.jsf?init=true
Eólico,Distribuidoras,28.6,2026-09-01,21:11:41,2026-09-01T21:11:41-06:00,https://apps.grupoice.com/CenceWeb/CenceBoletinIntraDiario.jsf?init=true
Eólico,Privada Eólico,79.14,2026-09-01,21:11:41,2026-09-01T21:11:41-06:00,https://apps.grupoice.com/CenceWeb/CenceBoletinIntraDiario.jsf?init=true
Hídrico,Angostura,120.18,2026-09-01,21:11:41,2026-09-01T21:11:41-06:00,https://apps.grupoice.com/CenceWeb/CenceBoletinIntraDiario.jsf?init=true
Hídrico,Arenal,95.63,2026-09-01,21:11:41,2026-09-01T21:11:41-06:00,https://apps.grupoice.com/CenceWeb/CenceBoletinIntraDiario.jsf?init=true
Hídrico,BOT Hidro,94.63,2026-09-01,21:11:41,2026-09-01T21:11:41-06:00,https://apps.grupoice.com/CenceWeb/CenceBoletinIntraDiario.jsf?init=true
Hídrico,Cachí,75.51,2026-09-01,21:11:41,2026-09-01T21:11:41-06:00,https://apps.grupoice.com/CenceWeb/CenceBoletinIntraDiario.jsf?init=true
Hídrico,Cariblanco,69.09,2026-09-01,21:11:41,2026-09-01T21:11:41-06:00,https://apps.grupoice.com/CenceWeb/CenceBoletinIntraDiario.jsf?init=true
Hídrico,Dengo,111.8,2026-09-01,21:11:41,2026-09-01T21:11:41-06:00,https://apps.grupoice.com/CenceWeb/CenceBoletinIntraDiario.jsf?init=true
Hídrico,Distribuidoras,284.47,2026-09-01,21:11:41,2026-09-01T21:11:41-06:00,https://apps.grupoice.com/CenceWeb/CenceBoletinIntraDiario.jsf?init=true
Hídrico,Echandi,0.0,2026-09-01,21:11:41,2026-09-01T21:11:41-06:00,https://apps.grupoice.com/CenceWeb/CenceBoletinIntraDiario.jsf?init=true
Hídrico,El General,40.23,2026-09-01,21:11:41,2026-09-01T21:11:41-06:00,https://apps.grupoice.com/CenceWeb/CenceBoletinIntraDiario.jsf?init=true
Hídrico,Garita,0.0,2026-09-01,21:11:41,2026-09-01T21:11:41-06:00,https://apps.grupoice.com/CenceWeb/CenceBoletinIntraDiario.jsf?init=true
Hídrico,La Joya,32.36,2026-09-01,21:11:41,2026-09-01T21:11:41-06:00,https://apps.grupoice.com/CenceWeb/CenceBoletinIntraDiario.jsf?init=true
Hídrico,Peñas Blancas,36.13,2026-09-01,21:11:41,2026-09-01T21:11:41-06:00,https://apps.grupoice.com/CenceWeb/CenceBoletinIntraDiario.jsf?init=true
Hídrico,Pirrís,0.0,2026-09-01,21:11:41,2026-09-01T21:11:41-06:00,https://apps.grupoice.com/CenceWeb/CenceBoletinIntraDiario.jsf?init=true
Hídrico,Privada Hidro,53.34,2026-09-01,21:11:41,2026-09-01T21:11:41-06:00,https://apps.grupoice.com/CenceWeb/CenceBoletinIntraDiario.jsf?init=true
Hídrico,Reventazón,260.42,2026-09-01,21:11:41,2026-09-01T21:11:41-06:00,https://apps.grupoice.com/CenceWeb/CenceBoletinIntraDiario.jsf?init=true
Hídrico,Río Macho,47.63,2026-09-01,21:11:41,2026-09-01T21:11:41-06:00,https://apps.grupoice.com/CenceWeb/CenceBoletinIntraDiario.jsf?init=true
Hídrico,Sandillal,13.09,2026-09-01,21:11:41,2026-09-01T21:11:41-06:00,https://apps.grupoice.com/CenceWeb/CenceBoletinIntraDiario.jsf?init=true
Hídrico,Toro I,18.16,2026-09-01,21:11:41,2026-09-01T21:11:41-06:00,https://apps.grupoice.com/CenceWeb/CenceBoletinIntraDiario.jsf?init=true
Hídrico,Toro II,55.59,2026-09-01,21:11:41,2026-09-01T21:11:41-06:00,https://apps.grupoice.com/CenceWeb/CenceBoletinIntraDiario.jsf?init=true
Hídrico,Toro III,40.91,2026-09-01,21:11:41,2026-09-01T21:11:41-06:00,https://apps.grupoice.com/CenceWeb/CenceBoletinIntraDiario.jsf?init=true
Hídrico,Ventanas-Garita,45.48,2026-09-01,21:11:41,2026-09-01T21:11:41-06:00,https://apps.grupoice.com/CenceWeb/CenceBoletinIntraDiario.jsf?init=true
Intercambio,Intercambio Norte,-130.2,2026-09-01,21:11:41,2026-09-01T21:11:41-06:00,https://apps.grupoice.com/CenceWeb/CenceBoletinIntraDiario.jsf?init=true
Intercambio,Intercambio Sur,0.85,2026-09-01,21:11:41,2026-09-01T21:11:41-06:00,https://apps.grupoice.com/CenceWeb/CenceBoletinIntraDiario.jsf?init=true
Solar,Otras Solar,0.01,2026-09-01,21:11:41,2026-09-01T21:11:41-06:00,https://apps.grupoice.com/CenceWeb/CenceBoletinIntraDiario.jsf?init=true
Solar,PSFV San Antonio,0.04,2026-09-01,21:11:41,2026-09-01T21:11:41-06:00,https://apps.grupoice.com/CenceWeb/CenceBoletinIntraDiario.jsf?init=true
Solar,Parque Solar Miravalles,0.0,2026-09-01,21:11:41,2026-09-01T21:11:41-06:00,https://apps.grupoice.com/CenceWeb/CenceBoletinIntraDiario.jsf?init=true
Solar,Privada Solar,0.0,2026-09-01,21:11:41,2026-09-01T21:11:41-06:00,https://apps.grupoice.com/CenceWeb/CenceBoletinIntraDiario.jsf?init=true
Térmico,Boca de Pozo,4.25,2026-09-01,21:11:41,2026-09-01T21:11:41-06:00,https://apps.grupoice.com/CenceWeb/CenceBoletinIntraDiario.jsf?init=true
Térmico,Garabito,89.42,2026-09-01,21:11:41,2026-09-01T21:11:41-06:00,https://apps.grupoice.com/CenceWeb/CenceBoletinIntraDiario.jsf?init=true
Térmico,Guápiles,0.0,2026-09-01,21:11:41,2026-09-01T21:11:41-06:00,https://apps.grupoice.com/CenceWeb/CenceBoletinIntraDiario.jsf?init=true
Térmico,Las Pailas II,52.33,2026-09-01,21:11:41,2026-09-01T21:11:41-06:00,https://apps.grupoice.com/CenceWeb/CenceBoletinIntraDiario.jsf?init=true
Térmico,Miravalles I,36.05,2026-09-01,21:11:41,2026-09-01T21:11:41-06:00,https://apps.grupoice.com/CenceWeb/CenceBoletinIntraDiario.jsf?init=true
Térmico,Miravalles II,44.07,2026-09-01,21:11:41,2026-09-01T21:11:41-06:00,https://apps.grupoice.com/CenceWeb/CenceBoletinIntraDiario.jsf?init=true
Térmico,Miravalles III,18.48,2026-09-01,21:11:41,2026-09-01T21:11:41-06:00,https://apps.grupoice.com/CenceWeb/CenceBoletinIntraDiario.jsf?init=true
Térmico,Moín II,6.1,2026-09-01,21:11:41,2026-09-01T21:11:41-06:00,https://apps.grupoice.com/CenceWeb/CenceBoletinIntraDiario.jsf?init=true
Térmico,Moín III,0.0,2026-09-01,21:11:41,2026-09-01T21:11:41-06:00,https://apps.grupoice.com/CenceWeb/CenceBoletinIntraDiario.jsf?init=true
Térmico,Orotina,0.0,2026-09-01,21:11:41,2026-09-01T21:11:41-06:00,https://apps.grupoice.com/CenceWeb/CenceBoletinIntraDiario.jsf?init=true
Térmico,PTA Garabito,0.0,2026-09-01,21:11:41,2026-09-01T21:11:41-06:00,https://apps.grupoice.com/CenceWeb/CenceBoletinIntraDiario.jsf?init=true
Térmico,PTA Moín,0.0,2026-09-01,21:11:41,2026-09-01T21:11:41-06:00,https://apps.grupoice.com/CenceWeb/CenceBoletinIntraDiario.jsf?init=true
Térmico,Pailas,30.7,2026-09-01,21:11:41,2026-09-01T21:11:41-06:00,https://apps.grupoice.com/CenceWeb/CenceBoletinIntraDiario.jsf?init=true
Biomasa,Privada Térmico Bagazo,0.0,2026-09-02,02:27:48,2026-09-02T02:27:48-06:00,https://apps.grupoice.com/CenceWeb/CenceBoletinIntraDiario.jsf?init=true
Eólico,BOT Eólico,52.31,2026-09-02,02:27:48,2026-09-02T02:27:48-06:00,https://apps.grupoice.com/CenceWeb/CenceBoletinIntraDiario.jsf?init=true
Eólico,Distribuidoras,16.33,2026-09-02,02:27:48,2026-09-02T02:27:48-06:00,https://apps.grupoice.com/CenceWeb/CenceBoletinIntraDiario.jsf?init=true
Eólico,Privada Eólico,42.38,2026-09-02,02:27:48,2026-09-02T02:27:48-06:00,https://apps.grupoice.com/CenceWeb/CenceBoletinIntraDiario.jsf?init=true
Hídrico,Angostura,58.87,2026-09-02,02:27:48,2026-09-02T02:27:48-06:00,https://apps.grupoice.com/CenceWeb/CenceBoletinIntraDiario.jsf?init=true
Hídrico,Arenal,87.07,2026-09-02,02:27:48,2026-09-02T02:27:48-06:00,https://apps.grupoice.com/CenceWeb/CenceBoletinIntraDiario.jsf?init=true
Hídrico,BOT Hidro,21.84,2026-09-02,02:27:48,2026-09-02T02:27:48-06:00,https://apps.grupoice.com/CenceWeb/CenceBoletinIntraDiario.jsf?init=true
Hídrico,Cachí,75.93,2026-09-02,02:27:48,2026-09-02T02:27:48-06:00,https://apps.grupoice.com/CenceWeb/CenceBoletinIntraDiario.jsf?init=true
Hídrico,Cariblanco,54.77,2026-09-02,02:27:48,2026-09-02T02:27:48-06:00,https://apps.grupoice.com/CenceWeb/CenceBoletinIntraDiario.jsf?init=true
Hídrico,Dengo,101.16,2026-09-02,02:27:48,2026-09-02T02:27:48-06:00,https://apps.grupoice.com/CenceWeb/CenceBoletinIntraDiario.jsf?init=true
Hídrico,Distribuidoras,224.57,2026-09-02,02:27:48,2026-09-02T02:27:48-06:00,https://apps.grupoice.com/CenceWeb/CenceBoletinIntraDiario.jsf?init=true
Hídrico,Echandi,0.0,2026-09-02,02:27:48,2026-09-02T02:27:48-06:00,https://apps.grupoice.com/CenceWeb/CenceBoletinIntraDiario.jsf?init=true
Hídrico,El General,26.45,2026-09-02,02:27:48,2026-09-02T02:27:48-06:00,https://apps.grupoice.com/CenceWeb/CenceBoletinIntraDiario.jsf?init=true
Hídrico,Garita,0.0,2026-09-02,02:27:48,2026-09-02T02:27:48-06:00,https://apps.grupoice.com/CenceWeb/CenceBoletinIntraDiario.jsf?init=true
Hídrico,La Joya,32.84,2026-09-02,02:27:48,2026-09-02T02:27:48-06:00,https://apps.grupoice.com/CenceWeb/CenceBoletinIntraDiario.jsf?init=true
Hídrico,Peñas Blancas,36.04,2026-09-02,02:27:48,2026-09-02T02:27:48-06:00,https://apps.grupoice.com/CenceWeb/CenceBoletinIntraDiario.jsf?init=true
Hídrico,Pirrís,0.0,2026-09-02,02:27:48,2026-09-02T02:27:48-06:00,https://apps.grupoice.com/CenceWeb/CenceBoletinIntraDiario.jsf?init=true
Hídrico,Privada Hidro,34.11,2026-09-02,02:27:48,2026-09-02T02:27:48-06:00,https://apps.grupoice.com/CenceWeb/CenceBoletinIntraDiario.jsf?init=true
Hídrico,Reventazón,72.26,2026-09-02,02:27:48,2026-09-02T02:27:48-06:00,https://apps.grupoice.com/CenceWeb/CenceBoletinIntraDiario.jsf?init=true
Hídrico,Río Macho,32.79,2026-09-02,02:27:48,2026-09-02T02:27:48-06:00,https://apps.grupoice.com/CenceWeb/CenceBoletinIntraDiario.jsf?init=true
Hídrico,Sandillal,13.39,2026-09-02,02:27:48,2026-09-02T02:27:48-06:00,https://apps.grupoice.com/CenceWeb/CenceBoletinIntraDiario.jsf?init=true
Hídrico,Toro I,16.36,2026-09-02,02:27:48,2026-09-02T02:27:48-06:00,https://apps.grupoice.com/CenceWeb/CenceBoletinIntraDiario.jsf?init=true
Hídrico,Toro II,42.47,2026-09-02,02:27:48,2026-09-02T02:27:48-06:00,https://apps.grupoice.com/CenceWeb/CenceBoletinIntraDiario.jsf?init=true
Hídrico,Toro III,32.52,2026-09-02,02:27:48,2026-09-02T02:27:48-06:00,https://apps.grupoice.com/CenceWeb/CenceBoletinIntraDiario.jsf?init=true
Hídrico,Ventanas-Garita,0.0,2026-09-02,02:27:48,2026-09-02T02:27:48-06:00,https://apps.grupoice.com/CenceWeb/CenceBoletinIntraDiario.jsf?init=true
Intercambio,Intercambio Norte,-36.82,2026-09-02,02:27:48,2026-09-02T02:27:48-06:00,https://apps.grupoice.com/CenceWeb/CenceBoletinIntraDiario.jsf?init=true
Intercambio,Intercambio Sur,1.87,2026-09-02,02:27:48,2026-09-02T02:27:48-06:00,https://apps.grupoice.com/CenceWeb/CenceBoletinIntraDiario.jsf?init=true
Solar,Otras Solar,0.0,2026-09-02,02:27:48,2026-09-02T02:27:48-06:00,https://apps.grupoice.com/CenceWeb/CenceBoletinIntraDiario.jsf?init=true
Solar,PSFV San Antonio,0.04,2026-09-02,02:27:48,2026-09-02T02:27:48-06:00,https://apps.grupoice.com/CenceWeb/CenceBoletinIntraDiario.jsf?init=true
Solar,Parque Solar Miravalles,0.0,2026-09-02,02:27:48,2026-09-02T02:27:48-06:00,https://apps.grupoice.com/CenceWeb/CenceBoletinIntraDiario.jsf?init=true
Solar,Privada Solar,0.0,2026-09-02,02:27:48,2026-09-02T02:27:48-06:00,https://apps.grupoice.com/CenceWeb/CenceBoletinIntraDiario.jsf?init=true
Térmico,Boca de Pozo,4.24,2026-09-02,02:27:48,2026-09-02T02:27:48-06:00,https://apps.grupoice.com/CenceWeb/CenceBoletinIntraDiario.jsf?init=true
Térmico,Garabito,0.0,2026-09-02,02:27:48,2026-09-02T02:27:48-06:00,https://apps.grupoice.com/CenceWeb/CenceBoletinIntraDiario.jsf?init=true
Térmico,Guápiles,0.0,2026-09-02,02:27:48,2026-09-02T02:27:48-06:00,https://apps.grupoice.com/CenceWeb/CenceBoletinIntraDiario.jsf?init=true
Térmico,Las Pailas II,52.32,2026-09-02,02:27:48,2026-09-02T02:27:48-06:00,https://apps.grupoice.com/CenceWeb/CenceBoletinIntraDiario.jsf?init=true
Térmico,Miravalles I,36.02,2026-09-02,02:27:48,2026-09-02T02:27:48-06:00,https://apps.grupoice.com/CenceWeb/CenceBoletinIntraDiario.jsf?init=true
Térmico,Miravalles II,44.08,2026-09-02,02:27:48,2026-09-02T02:27:48-06:00,https://apps.grupoice.com/CenceWeb/CenceBoletinIntraDiario.jsf?init=true
Térmico,Miravalles III,18.54,2026-09-02,02:27:48,2026-09-02T02:27:48-06:00,https://apps.grupoice.com/CenceWeb/CenceBoletinIntraDiario.jsf?init=true
Térmico,Moín II,0.0,2026-09-02,02:27:48,2026-09-02T02:27:48-06:00,https://apps.grupoice.com/CenceWeb/CenceBoletinIntraDiario.jsf?init=true
Térmico,Moín III,0.0,2026-09-02,02:27:48,2026-09-02T02:27:48-06:00,https://apps.grupoice.com/CenceWeb/CenceBoletinIntraDiario.jsf?init=true
Térmico,Orotina,0.0,2026-09-02,02:27:48,2026-09-02T02:27:48-06:00,https://apps.grupoice.com/CenceWeb/CenceBoletinIntraDiario.jsf?init=true
Térmico,PTA Garabito,0.0,2026-09-02,02:27:48,2026-09-02T02:27:48-06:00,https://apps.grupoice.com/CenceWeb/CenceBoletinIntraDiario.jsf?init=true
Térmico,PTA Moín,0.0,2026-09-02,02:27:48,2026-09-02T02:27:48-06:00,https://apps.grupoice.com/CenceWeb/CenceBoletinIntraDiario.jsf?init=true
Térmico,Pailas,30.72,2026-09-02,02:27:48,2026-09-02T02:27:48-06:00,https://apps.grupoice.com/CenceWeb/CenceBoletinIntraDiario.jsf?init=true
Biomasa,Privada Térmico Bagazo,0.0,2026-09-02,08:07:30,2026-09-02T08:07:30-06:00,https://apps.grupoice.com/CenceWeb/CenceBoletinIntraDiario.jsf?init=true
Eólico,BOT Eólico,89.05,2026-09-02,08:07:30,2026-09-02T08:07:30-06:00,https://apps.grupoice.com/CenceWeb/CenceBoletinIntraDiario.jsf?init=true
Eólico,Distribuidoras,32.35,2026-09-02,08:07:30,2026-09-02T08:07:30-06:00,https://apps.grupoice.com/CenceWeb/CenceBoletinIntraDiario.jsf?init=true
Eólico,Privada Eólico,85.15,2026-09-02,08:07:30,2026-09-02T08:07:30-06:00,https://apps.grupoice.com/CenceWeb/CenceBoletinIntraDiario.jsf?init=true
Hídrico,Angostura,117.94,2026-09-02,08:07:30,2026-09-02T08:07:30-06:00,https://apps.grupoice.com/CenceWeb/CenceBoletinIntraDiario.jsf?init=true
Hídrico,Arenal,74.46,2026-09-02,08:07:30,2026-09-02T08:07:30-06:00,https://apps.grupoice.com/CenceWeb/CenceBoletinIntraDiario.jsf?init=true
Hídrico,BOT Hidro,43.75,2026-09-02,08:07:30,2026-09-02T08:07:30-06:00,https://apps.grupoice.com/CenceWeb/CenceBoletinIntraDiario.jsf?init=true
Hídrico,Cachí,75.44,2026-09-02,08:07:30,2026-09-02T08:07:30-06:00,https://apps.grupoice.com/CenceWeb/CenceBoletinIntraDiario.jsf?init=true
Hídrico,Cariblanco,54.81,2026-09-02,08:07:30,2026-09-02T08:07:30-06:00,https://apps.grupoice.com/CenceWeb/CenceBoletinIntraDiario.jsf?init=true
Hídrico,Dengo,91.65,2026-09-02,08:07:30,2026-09-02T08:07:30-06:00,https://apps.grupoice.com/CenceWeb/CenceBoletinIntraDiario.jsf?init=true
Hídrico,Distribuidoras,269.34,2026-09-02,08:07:30,2026-09-02T08:07:30-06:00,https://apps.grupoice.com/CenceWeb/CenceBoletinIntraDiario.jsf?init=true
Hídrico,Echandi,0.0,2026-09-02,08:07:30,2026-09-02T08:07:30-06:00,https://apps.grupoice.com/CenceWeb/CenceBoletinIntraDiario.jsf?init=true
Hídrico,El General,26.47,2026-09-02,08:07:30,2026-09-02T08:07:30-06:00,https://apps.grupoice.com/CenceWeb/CenceBoletinIntraDiario.jsf?init=true
Hídrico,Garita,0.0,2026-09-02,08:07:30,2026-09-02T08:07:30-06:00,https://apps.grupoice.com/CenceWeb/CenceBoletinIntraDiario.jsf?init=true
Hídrico,La Joya,34.03,2026-09-02,08:07:30,2026-09-02T08:07:30-06:00,https://apps.grupoice.com/CenceWeb/CenceBoletinIntraDiario.jsf?init=true
Hídrico,Peñas Blancas,35.75,2026-09-02,08:07:30,2026-09-02T08:07:30-06:00,https://apps.grupoice.com/CenceWeb/CenceBoletinIntraDiario.jsf?init=true
Hídrico,Pirrís,0.0,2026-09-02,08:07:30,2026-09-02T08:07:30-06:00,https://apps.grupoice.com/CenceWeb/CenceBoletinIntraDiario.jsf?init=true
Hídrico,Privada Hidro,34.56,2026-09-02,08:07:30,2026-09-02T08:07:30-06:00,https://apps.grupoice.com/CenceWeb/CenceBoletinIntraDiario.jsf?init=true
Hídrico,Reventazón,113.09,2026-09-02,08:07:30,2026-09-02T08:07:30-06:00,https://apps.grupoice.com/CenceWeb/CenceBoletinIntraDiario.jsf?init=true
Hídrico,Río Macho,73.52,2026-09-02,08:07:30,2026-09-02T08:07:30-06:00,https://apps.grupoice.com/CenceWeb/CenceBoletinIntraDiario.jsf?init=true
Hídrico,Sandillal,13.12,2026-09-02,08:07:30,2026-09-02T08:07:30-06:00,https://apps.grupoice.com/CenceWeb/CenceBoletinIntraDiario.jsf?init=true
Hídrico,Toro I,16.07,2026-09-02,08:07:30,2026-09-02T08:07:30-06:00,https://apps.grupoice.com/CenceWeb/CenceBoletinIntraDiario.jsf?init=true
Hídrico,Toro II,41.08,2026-09-02,08:07:30,2026-09-02T08:07:30-06:00,https://apps.grupoice.com/CenceWeb/CenceBoletinIntraDiario.jsf?init=true
Hídrico,Toro III,31.47,2026-09-02,08:07:30,2026-09-02T08:07:30-06:00,https://apps.grupoice.com/CenceWeb/CenceBoletinIntraDiario.jsf?init=true
Hídrico,Ventanas-Garita,34.44,2026-09-02,08:07:30,2026-09-02T08:07:30-06:00,https://apps.grupoice.com/CenceWeb/CenceBoletinIntraDiario.jsf?init=true
Intercambio,Intercambio Norte,-26.58,2026-09-02,08:07:30,2026-09-02T08:07:30-06:00,https://apps.grupoice.com/CenceWeb/CenceBoletinIntraDiario.jsf?init=true
Intercambio,Intercambio Sur,-1.31,2026-09-02,08:07:30,2026-09-02T08:07:30-06:00,https://apps.grupoice.com/CenceWeb/CenceBoletinIntraDiario.jsf?init=true
Solar,Otras Solar,1.94,2026-09-02,08:07:30,2026-09-02T08:07:30-06:00,https://apps.grupoice.com/CenceWeb/CenceBoletinIntraDiario.jsf?init=true
Solar,PSFV San Antonio,1.63,2026-09-02,08:07:30,2026-09-02T08:07:30-06:00,https://apps.grupoice.com/CenceWeb/CenceBoletinIntraDiario.jsf?init=true
Solar,Parque Solar Miravalles,0.06,2026-09-02,08:07:30,2026-09-02T08:07:30-06:00,https://apps.grupoice.com/CenceWeb/CenceBoletinIntraDiario.jsf?init=true
Solar,Privada Solar,3.65,2026-09-02,08:07:30,2026-09-02T08:07:30-06:00,https://apps.grupoice.com/CenceWeb/CenceBoletinIntraDiario.jsf?init=true
Térmico,Boca de Pozo,4.24,2026-09-02,08:07:30,2026-09-02T08:07:30-06:00,https://apps.grupoice.com/CenceWeb/CenceBoletinIntraDiario.jsf?init=true
Térmico,Garabito,0.0,2026-09-02,08:07:30,2026-09-02T08:07:30-06:00,https://apps.grupoice.com/CenceWeb/CenceBoletinIntraDiario.jsf?init=true
Térmico,Guápiles,0.0,2026-09-02,08:07:30,2026-09-02T08:07:30-06:00,https://apps.grupoice.com/CenceWeb/CenceBoletinIntraDiario.jsf?init=true
Térmico,Las Pailas II,52.32,2026-09-02,08:07:30,2026-09-02T08:07:30-06:00,https://apps.grupoice.com/CenceWeb/CenceBoletinIntraDiario.jsf?init=true
Térmico,Miravalles I,36.17,2026-09-02,08:07:30,2026-09-02T08:07:30-06:00,https://apps.grupoice.com/CenceWeb/CenceBoletinIntraDiario.jsf?init=true
Térmico,Miravalles II,44.3,2026-09-02,08:07:30,2026-09-02T08:07:30-06:00,https://apps.grupoice.com/CenceWeb/CenceBoletinIntraDiario.jsf?init=true
Térmico,Miravalles III,18.49,2026-09-02,08:07:30,2026-09-02T08:07:30-06:00,https://apps.grupoice.com/CenceWeb/CenceBoletinIntraDiario.jsf?init=true
Térmico,Moín II,0.0,2026-09-02,08:07:30,2026-09-02T08:07:30-06:00,https://apps.grupoice.com/CenceWeb/CenceBoletinIntraDiario.jsf?init=true
Térmico,Moín III,0.0,2026-09-02,08:07:30,2026-09-02T08:07:30-06:00,https://apps.grupoice.com/CenceWeb/CenceBoletinIntraDiario.jsf?init=true
Térmico,Orotina,0.0,2026-09-02,08:07:30,2026-09-02T08:07:30-06:00,https://apps.grupoice.com/CenceWeb/CenceBoletinIntraDiario.jsf?init=true
Térmico,PTA Garabito,0.0,2026-09-02,08:07:30,2026-09-02T08:07:30-06:00,https://apps.grupoice.com/CenceWeb/CenceBoletinIntraDiario.jsf?init=true
Térmico,PTA Moín,0.0,2026-09-02,08:07:30,2026-09-02T08:07:30-06:00,https://apps.grupoice.com/CenceWeb/CenceBoletinIntraDiario.jsf?init=true
Térmico,Pailas,30.71,2026-09-02,08:07:30,2026-09-02T08:07:30-06:00,https://apps.grupoice.com/CenceWeb/CenceBoletinIntraDiario.jsf?init=true
Biomasa,Privada Térmico Bagazo,0.0,2026-09-02,13:14:39,2026-09-02T13:14:39-06:00,https://apps.grupoice.com/CenceWeb/CenceBoletinIntraDiario.jsf?init=true
Eólico,BOT Eólico,49.91,2026-09-02,13:14:39,2026-09-02T13:14:39-06:00,https://apps.grupoice.com/CenceWeb/CenceBoletinIntraDiario.jsf?init=true
Eólico,Distribuidoras,31.3,2026-09-02,13:14:39,2026-09-02T13:14:39-06:00,https://apps.grupoice.com/CenceWeb/CenceBoletinIntraDiario.jsf?init=true
Eólico,Privada Eólico,47.35,2026-09-02,13:14:39,2026-09-02T13:14:39-06:00,https://apps.grupoice.com/CenceWeb/CenceBoletinIntraDiario.jsf?init=true
Hídrico,Angostura,119.54,2026-09-02,13:14:39,2026-09-02T13:14:39-06:00,https://apps.grupoice.com/CenceWeb/CenceBoletinIntraDiario.jsf?init=true
Hídrico,Arenal,101.28,2026-09-02,13:14:39,2026-09-02T13:14:39-06:00,https://apps.grupoice.com/CenceWeb/CenceBoletinIntraDiario.jsf?init=true
Hídrico,BOT Hidro,93.89,2026-09-02,13:14:39,2026-09-02T13:14:39-06:00,https://apps.grupoice.com/CenceWeb/CenceBoletinIntraDiario.jsf?init=true
Hídrico,Cachí,75.6,2026-09-02,13:14:39,2026-09-02T13:14:39-06:00,https://apps.grupoice.com/CenceWeb/CenceBoletinIntraDiario.jsf?init=true
Hídrico,Cariblanco,80.97,2026-09-02,13:14:39,2026-09-02T13:14:39-06:00,https://apps.grupoice.com/CenceWeb/CenceBoletinIntraDiario.jsf?init=true
Hídrico,Dengo,118.4,2026-09-02,13:14:39,2026-09-02T13:14:39-06:00,https://apps.grupoice.com/CenceWeb/CenceBoletinIntraDiario.jsf?init=true
Hídrico,Distribuidoras,319.73,2026-09-02,13:14:39,2026-09-02T13:14:39-06:00,https://apps.grupoice.com/CenceWeb/CenceBoletinIntraDiario.jsf?init=true
Hídrico,Echandi,0.0,2026-09-02,13:14:39,2026-09-02T13:14:39-06:00,https://apps.grupoice.com/CenceWeb/CenceBoletinIntraDiario.jsf?init=true
Hídrico,El General,34.5,2026-09-02,13:14:39,2026-09-02T13:14:39-06:00,https://apps.grupoice.com/CenceWeb/CenceBoletinIntraDiario.jsf?init=true
Hídrico,Garita,0.0,2026-09-02,13:14:39,2026-09-02T13:14:39-06:00,https://apps.grupoice.com/CenceWeb/CenceBoletinIntraDiario.jsf?init=true
Hídrico,La Joya,32.16,2026-09-02,13:14:39,2026-09-02T13:14:39-06:00,https://apps.grupoice.com/CenceWeb/CenceBoletinIntraDiario.jsf?init=true
Hídrico,Peñas Blancas,35.79,2026-09-02,13:14:39,2026-09-02T13:14:39-06:00,https://apps.grupoice.com/CenceWeb/CenceBoletinIntraDiario.jsf?init=true
Hídrico,Pirrís,0.0,2026-09-02,13:14:39,2026-09-02T13:14:39-06:00,https://apps.grupoice.com/CenceWeb/CenceBoletinIntraDiario.jsf?init=true
Hídrico,Privada Hidro,53.14,2026-09-02,13:14:39,2026-09-02T13:14:39-06:00,https://apps.grupoice.com/CenceWeb/CenceBoletinIntraDiario.jsf?init=true
Hídrico,Reventazón,251.05,2026-09-02,13:14:39,2026-09-02T13:14:39-06:00,https://apps.grupoice.com/CenceWeb/CenceBoletinIntraDiario.jsf?init=true
Hídrico,Río Macho,101.14,2026-09-02,13:14:39,2026-09-02T13:14:39-06:00,https://apps.grupoice.com/CenceWeb/CenceBoletinIntraDiario.jsf?init=true
Hídrico,Sandillal,13.13,2026-09-02,13:14:39,2026-09-02T13:14:39-06:00,https://apps.grupoice.com/CenceWeb/CenceBoletinIntraDiario.jsf?init=true
Hídrico,Toro I,16.07,2026-09-02,13:14:39,2026-09-02T13:14:39-06:00,https://apps.grupoice.com/CenceWeb/CenceBoletinIntraDiario.jsf?init=true
Hídrico,Toro II,65.91,2026-09-02,13:14:39,2026-09-02T13:14:39-06:00,https://apps.grupoice.com/CenceWeb/CenceBoletinIntraDiario.jsf?init=true
Hídrico,Toro III,46.24,2026-09-02,13:14:39,2026-09-02T13:14:39-06:00,https://apps.grupoice.com/CenceWeb/CenceBoletinIntraDiario.jsf?init=true
Hídrico,Ventanas-Garita,70.79,2026-09-02,13:14:39,2026-09-02T13:14:39-06:00,https://apps.grupoice.com/CenceWeb/CenceBoletinIntraDiario.jsf?init=true
Intercambio,Intercambio Norte,-93.73,2026-09-02,13:14:39,2026-09-02T13:14:39-06:00,https://apps.grupoice.com/CenceWeb/CenceBoletinIntraDiario.jsf?init=true
Intercambio,Intercambio Sur,-0.88,2026-09-02,13:14:39,2026-09-02T13:14:39-06:00,https://apps.grupoice.com/CenceWeb/CenceBoletinIntraDiario.jsf?init=true
Solar,Otras Solar,6.31,2026-09-02,13:14:39,2026-09-02T13:14:39-06:00,https://apps.grupoice.com/CenceWeb/CenceBoletinIntraDiario.jsf?init=true
Solar,PSFV San Antonio,7.74,2026-09-02,13:14:39,2026-09-02T13:14:39-06:00,https://apps.grupoice.com/CenceWeb/CenceBoletinIntraDiario.jsf?init=true
Solar,Parque Solar Miravalles,0.15,2026-09-02,13:14:39,2026-09-02T13:14:39-06:00,https://apps.grupoice.com/CenceWeb/CenceBoletinIntraDiario.jsf?init=true
Solar,Privada Solar,20.04,2026-09-02,13:14:39,2026-09-02T13:14:39-06:00,https://apps.grupoice.com/CenceWeb/CenceBoletinIntraDiario.jsf?init=true
Térmico,Boca de Pozo,4.29,2026-09-02,13:14:39,2026-09-02T13:14:39-06:00,https://apps.grupoice.com/CenceWeb/CenceBoletinIntraDiario.jsf?init=true
Térmico,Garabito,90.81,2026-09-02,13:14:39,2026-09-02T13:14:39-06:00,https://apps.grupoice.com/CenceWeb/CenceBoletinIntraDiario.jsf?init=true
Térmico,Guápiles,0.0,2026-09-02,13:14:39,2026-09-02T13:14:39-06:00,https://apps.grupoice.com/CenceWeb/CenceBoletinIntraDiario.jsf?init=true
Térmico,Las Pailas II,52.33,2026-09-02,13:14:39,2026-09-02T13:14:39-06:00,https://apps.grupoice.com/CenceWeb/CenceBoletinIntraDiario.jsf?init=true
Térmico,Miravalles I,35.83,2026-09-02,13:14:39,2026-09-02T13:14:39-06:00,https://apps.grupoice.com/CenceWeb/CenceBoletinIntraDiario.jsf?init=true
Térmico,Miravalles II,43.72,2026-09-02,13:14:39,2026-09-02T13:14:39-06:00,https://apps.grupoice.com/CenceWeb/CenceBoletinIntraDiario.jsf?init=true
Térmico,Miravalles III,18.19,2026-09-02,13:14:39,2026-09-02T13:14:39-06:00,https://apps.grupoice.com/CenceWeb/CenceBoletinIntraDiario.jsf?init=true
Térmico,Moín II,0.0,2026-09-02,13:14:39,2026-09-02T13:14:39-06:00,https://apps.grupoice.com/CenceWeb/CenceBoletinIntraDiario.jsf?init=true
Térmico,Moín III,0.0,2026-09-02,13:14:39,2026-09-02T13:14:39-06:00,https://apps.grupoice.com/CenceWeb/CenceBoletinIntraDiario.jsf?init=true
Térmico,Orotina,0.0,2026-09-02,13:14:39,2026-09-02T13:14:39-06:00,https://apps.grupoice.com/CenceWeb/CenceBoletinIntraDiario.jsf?init=true
Térmico,PTA Garabito,0.0,2026-09-02,13:14:39,2026-09-02T13:14:39-06:00,https://apps.grupoice.com/CenceWeb/CenceBoletinIntraDiario.jsf?init=true
Térmico,PTA Moín,0.0,2026-09-02,13:14:39,2026-09-02T13:14:39-06:00,https://apps.grupoice.com/CenceWeb/CenceBoletinIntraDiario.jsf?init=true
Térmico,Pailas,30.69,2026-09-02,13:14:39,2026-09-02T13:14:39-06:00,https://apps.grupoice.com/CenceWeb/CenceBoletinIntraDiario.jsf?init=true
Biomasa,Privada Térmico Bagazo,0.0,2026-09-02,16:24:25,2026-09-02T16:24:25-06:00,https://apps.grupoice.com/CenceWeb/CenceBoletinIntraDiario.jsf?init=true
Eólico,BOT Eólico,77.62,2026-09-02,16:24:25,2026-09-02T16:24:25-06:00,https://apps.grupoice.com/CenceWeb/CenceBoletinIntraDiario.jsf?init=true
Eólico,Distribuidoras,33.35,2026-09-02,16:24:25,2026-09-02T16:24:25-06:00,https://apps.grupoice.com/CenceWeb/CenceBoletinIntraDiario.jsf?init=true
Eólico,Privada Eólico,79.54,2026-09-02,16:24:25,2026-09-02T16:24:25-06:00,https://apps.grupoice.com/CenceWeb/CenceBoletinIntraDiario.jsf?init=true
Hídrico,Angostura,110.32,2026-09-02,16:24:25,2026-09-02T16:24:25-06:00,https://apps.grupoice.com/CenceWeb/CenceBoletinIntraDiario.jsf?init=true
Hídrico,Arenal,106.21,2026-09-02,16:24:25,2026-09-02T16:24:25-06:00,https://apps.grupoice.com/CenceWeb/CenceBoletinIntraDiario.jsf?init=true
Hídrico,BOT Hidro,90.27,2026-09-02,16:24:25,2026-09-02T16:24:25-06:00,https://apps.grupoice.com/CenceWeb/CenceBoletinIntraDiario.jsf?init=true
Hídrico,Cachí,75.67,2026-09-02,16:24:25,2026-09-02T16:24:25-06:00,https://apps.grupoice.com/CenceWeb/CenceBoletinIntraDiario.jsf?init=true
Hídrico,Cariblanco,72.17,2026-09-02,16:24:25,2026-09-02T16:24:25-06:00,https://apps.grupoice.com/CenceWeb/CenceBoletinIntraDiario.jsf?init=true
Hídrico,Dengo,113.5,2026-09-02,16:24:25,2026-09-02T16:24:25-06:00,https://apps.grupoice.com/CenceWeb/CenceBoletinIntraDiario.jsf?init=true
Hídrico,Distribuidoras,240.24,2026-09-02,16:24:25,2026-09-02T16:24:25-06:00,https://apps.grupoice.com/CenceWeb/CenceBoletinIntraDiario.jsf?init=true
Hídrico,Echandi,0.0,2026-09-02,16:24:25,2026-09-02T16:24:25-06:00,https://apps.grupoice.com/CenceWeb/CenceBoletinIntraDiario.jsf?init=true
Hídrico,El General,39.96,2026-09-02,16:24:25,2026-09-02T16:24:25-06:00,https://apps.grupoice.com/CenceWeb/CenceBoletinIntraDiario.jsf?init=true
Hídrico,Garita,0.0,2026-09-02,16:24:25,2026-09-02T16:24:25-06:00,https://apps.grupoice.com/CenceWeb/CenceBoletinIntraDiario.jsf?init=true
Hídrico,La Joya,32.27,2026-09-02,16:24:25,2026-09-02T16:24:25-06:00,https://apps.grupoice.com/CenceWeb/CenceBoletinIntraDiario.jsf?init=true
Hídrico,Peñas Blancas,35.79,2026-09-02,16:24:25,2026-09-02T16:24:25-06:00,https://apps.grupoice.com/CenceWeb/CenceBoletinIntraDiario.jsf?init=true
Hídrico,Pirrís,5.79,2026-09-02,16:24:25,2026-09-02T16:24:25-06:00,https://apps.grupoice.com/CenceWeb/CenceBoletinIntraDiario.jsf?init=true
Hídrico,Privada Hidro,36.02,2026-09-02,16:24:25,2026-09-02T16:24:25-06:00,https://apps.grupoice.com/CenceWeb/CenceBoletinIntraDiario.jsf?init=true
Hídrico,Reventazón,212.21,2026-09-02,16:24:25,2026-09-02T16:24:25-06:00,https://apps.grupoice.com/CenceWeb/CenceBoletinIntraDiario.jsf?init=true
Hídrico,Río Macho,40.54,2026-09-02,16:24:25,2026-09-02T16:24:25-06:00,https://apps.grupoice.com/CenceWeb/CenceBoletinIntraDiario.jsf?init=true
Hídrico,Sandillal,13.16,2026-09-02,16:24:25,2026-09-02T16:24:25-06:00,https://apps.grupoice.com/CenceWeb/CenceBoletinIntraDiario.jsf?init=true
Hídrico,Toro I,16.06,2026-09-02,16:24:25,2026-09-02T16:24:25-06:00,https://apps.grupoice.com/CenceWeb/CenceBoletinIntraDiario.jsf?init=true
Hídrico,Toro II,50.51,2026-09-02,16:24:25,2026-09-02T16:24:25-06:00,https://apps.grupoice.com/CenceWeb/CenceBoletinIntraDiario.jsf?init=true
Hídrico,Toro III,41.87,2026-09-02,16:24:25,2026-09-02T16:24:25-06:00,https://apps.grupoice.com/CenceWeb/CenceBoletinIntraDiario.jsf?init=true
Hídrico,Ventanas-Garita,71.25,2026-09-02,16:24:25,2026-09-02T16:24:25-06:00,https://apps.grupoice.com/CenceWeb/CenceBoletinIntraDiario.jsf?init=true
Intercambio,Intercambio Norte,-68.02,2026-09-02,16:24:25,2026-09-02T16:24:25-06:00,https://apps.grupoice.com/CenceWeb/CenceBoletinIntraDiario.jsf?init=true
Intercambio,Intercambio Sur,3.13,2026-09-02,16:24:25,2026-09-02T16:24:25-06:00,https://apps.grupoice.com/CenceWeb/CenceBoletinIntraDiario.jsf?init=true
Solar,Otras Solar,5.6,2026-09-02,16:24:25,2026-09-02T16:24:25-06:00,https://apps.grupoice.com/CenceWeb/CenceBoletinIntraDiario.jsf?init=true
Solar,PSFV San Antonio,0.52,2026-09-02,16:24:25,2026-09-02T16:24:25-06:00,https://apps.grupoice.com/CenceWeb/CenceBoletinIntraDiario.jsf?init=true
Solar,Parque Solar Miravalles,0.16,2026-09-02,16:24:25,2026-09-02T16:24:25-06:00,https://apps.grupoice.com/CenceWeb/CenceBoletinIntraDiario.jsf?init=true
Solar,Privada Solar,7.5,2026-09-02,16:24:25,2026-09-02T16:24:25-06:00,https://apps.grupoice.com/CenceWeb/CenceBoletinIntraDiario.jsf?init=true
Térmico,Boca de Pozo,4.3,2026-09-02,16:24:25,2026-09-02T16:24:25-06:00,https://apps.grupoice.com/CenceWeb/CenceBoletinIntraDiario.jsf?init=true
Térmico,Garabito,131.02,2026-09-02,16:24:25,2026-09-02T16:24:25-06:00,https://apps.grupoice.com/CenceWeb/CenceBoletinIntraDiario.jsf?init=true
Térmico,Guápiles,0.0,2026-09-02,16:24:25,2026-09-02T16:24:25-06:00,https://apps.grupoice.com/CenceWeb/CenceBoletinIntraDiario.jsf?init=true
Térmico,Las Pailas II,52.33,2026-09-02,16:24:25,2026-09-02T16:24:25-06:00,https://apps.grupoice.com/CenceWeb/CenceBoletinIntraDiario.jsf?init=true
Térmico,Miravalles I,35.89,2026-09-02,16:24:25,2026-09-02T16:24:25-06:00,https://apps.grupoice.com/CenceWeb/CenceBoletinIntraDiario.jsf?init=true
Térmico,Miravalles II,43.77,2026-09-02,16:24:25,2026-09-02T16:24:25-06:00,https://apps.grupoice.com/CenceWeb/CenceBoletinIntraDiario.jsf?init=true
Térmico,Miravalles III,18.19,2026-09-02,16:24:25,2026-09-02T16:24:25-06:00,https://apps.grupoice.com/CenceWeb/CenceBoletinIntraDiario.jsf?init=true
Térmico,Moín II,0.0,2026-09-02,16:24:25,2026-09-02T16:24:25-06:00,https://apps.grupoice.com/CenceWeb/CenceBoletinIntraDiario.jsf?init=true
Térmico,Moín III,0.0,2026-09-02,16:24:25,2026-09-02T16:24:25-06:00,https://apps.grupoice.com/CenceWeb/CenceBoletinIntraDiario.jsf?init=true
Térmico,Orotina,0.0,2026-09-02,16:24:25,2026-09-02T16:24:25-06:00,https://apps.grupoice.com/CenceWeb/CenceBoletinIntraDiario.jsf?init=true
Térmico,PTA Garabito,0.0,2026-09-02,16:24:25,2026-09-02T16:24:25-06:00,https://apps.grupoice.com/CenceWeb/CenceBoletinIntraDiario.jsf?init=true
Térmico,PTA Moín,0.0,2026-09-02,16:24:25,2026-09-02T16:24:25-06:00,https://apps.grupoice.com/CenceWeb/CenceBoletinIntraDiario.jsf?init=true
Térmico,Pailas,30.7,2026-09-02,16:24:25,2026-09-02T16:24:25-06:00,https://apps.grupoice.com/CenceWeb/CenceBoletinIntraDiario.jsf?init=true
Biomasa,Privada Térmico Bagazo,0.0,2026-09-02,21:13:26,2026-09-02T21:13:26-06:00,https://apps.grupoice.com/CenceWeb/CenceBoletinIntraDiario.jsf?init=true
Eólico,BOT Eólico,10.81,2026-09-02,21:13:26,2026-09-02T21:13:26-06:00,https://apps.grupoice.com/CenceWeb/CenceBoletinIntraDiario.jsf?init=true
Eólico,Distribuidoras,14.58,2026-09-02,21:13:26,2026-09-02T21:13:26-06:00,https://apps.grupoice.com/CenceWeb/CenceBoletinIntraDiario.jsf?init=true
Eólico,Privada Eólico,22.94,2026-09-02,21:13:26,2026-09-02T21:13:26-06:00,https://apps.grupoice.com/CenceWeb/CenceBoletinIntraDiario.jsf?init=true
Hídrico,Angostura,118.54,2026-09-02,21:13:26,2026-09-02T21:13:26-06:00,https://apps.grupoice.com/CenceWeb/CenceBoletinIntraDiario.jsf?init=true
Hídrico,Arenal,99.51,2026-09-02,21:13:26,2026-09-02T21:13:26-06:00,https://apps.grupoice.com/CenceWeb/CenceBoletinIntraDiario.jsf?init=true
Hídrico,BOT Hidro,92.46,2026-09-02,21:13:26,2026-09-02T21:13:26-06:00,https://apps.grupoice.com/CenceWeb/CenceBoletinIntraDiario.jsf?init=true
Hídrico,Cachí,75.33,2026-09-02,21:13:26,2026-09-02T21:13:26-06:00,https://apps.grupoice.com/CenceWeb/CenceBoletinIntraDiario.jsf?init=true
Hídrico,Cariblanco,57.42,2026-09-02,21:13:26,2026-09-02T21:13:26-06:00,https://apps.grupoice.com/CenceWeb/CenceBoletinIntraDiario.jsf?init=true
Hídrico,Dengo,115.9,2026-09-02,21:13:26,2026-09-02T21:13:26-06:00,https://apps.grupoice.com/CenceWeb/CenceBoletinIntraDiario.jsf?init=true
Hídrico,Distribuidoras,263.47,2026-09-02,21:13:26,2026-09-02T21:13:26-06:00,https://apps.grupoice.com/CenceWeb/CenceBoletinIntraDiario.jsf?init=true
Hídrico,Echandi,0.0,2026-09-02,21:13:26,2026-09-02T21:13:26-06:00,https://apps.grupoice.com/CenceWeb/CenceBoletinIntraDiario.jsf?init=true
Hídrico,El General,39.98,2026-09-02,21:13:26,2026-09-02T21:13:26-06:00,https://apps.grupoice.com/CenceWeb/CenceBoletinIntraDiario.jsf?init=true
Hídrico,Garita,0.0,2026-09-02,21:13:26,2026-09-02T21:13:26-06:00,https://apps.grupoice.com/CenceWeb/CenceBoletinIntraDiario.jsf?init=true
Hídrico,La Joya,32.24,2026-09-02,21:13:26,2026-09-02T21:13:26-06:00,https://apps.grupoice.com/CenceWeb/CenceBoletinIntraDiario.jsf?init=true
Hídrico,Peñas Blancas,36.47,2026-09-02,21:13:26,2026-09-02T21:13:26-06:00,https://apps.grupoice.com/CenceWeb/CenceBoletinIntraDiario.jsf?init=true
Hídrico,Pirrís,27.7,2026-09-02,21:13:26,2026-09-02T21:13:26-06:00,https://apps.grupoice.com/CenceWeb/CenceBoletinIntraDiario.jsf?init=true
Hídrico,Privada Hidro,40.61,2026-09-02,21:13:26,2026-09-02T21:13:26-06:00,https://apps.grupoice.com/CenceWeb/CenceBoletinIntraDiario.jsf?init=true
Hídrico,Reventazón,275.12,2026-09-02,21:13:26,2026-09-02T21:13:26-06:00,https://apps.grupoice.com/CenceWeb/CenceBoletinIntraDiario.jsf?init=true
Hídrico,Río Macho,64.58,2026-09-02,21:13:26,2026-09-02T21:13:26-06:00,https://apps.grupoice.com/CenceWeb/CenceBoletinIntraDiario.jsf?init=true
Hídrico,Sandillal,13.13,2026-09-02,21:13:26,2026-09-02T21:13:26-06:00,https://apps.grupoice.com/CenceWeb/CenceBoletinIntraDiario.jsf?init=true
Hídrico,Toro I,20.21,2026-09-02,21:13:26,2026-09-02T21:13:26-06:00,https://apps.grupoice.com/CenceWeb/CenceBoletinIntraDiario.jsf?init=true
Hídrico,Toro II,50.04,2026-09-02,21:13:26,2026-09-02T21:13:26-06:00,https://apps.grupoice.com/CenceWeb/CenceBoletinIntraDiario.jsf?init=true
Hídrico,Toro III,37.85,2026-09-02,21:13:26,2026-09-02T21:13:26-06:00,https://apps.grupoice.com/CenceWeb/CenceBoletinIntraDiario.jsf?init=true
Hídrico,Ventanas-Garita,70.56,2026-09-02,21:13:26,2026-09-02T21:13:26-06:00,https://apps.grupoice.com/CenceWeb/CenceBoletinIntraDiario.jsf?init=true
Intercambio,Intercambio Norte,-92.12,2026-09-02,21:13:26,2026-09-02T21:13:26-06:00,https://apps.grupoice.com/CenceWeb/CenceBoletinIntraDiario.jsf?init=true
Intercambio,Intercambio Sur,-4.47,2026-09-02,21:13:26,2026-09-02T21:13:26-06:00,https://apps.grupoice.com/CenceWeb/CenceBoletinIntraDiario.jsf?init=true
Solar,Otras Solar,0.01,2026-09-02,21:13:26,2026-09-02T21:13:26-06:00,https://apps.grupoice.com/CenceWeb/CenceBoletinIntraDiario.jsf?init=true
Solar,PSFV San Antonio,0.0,2026-09-02,21:13:26,2026-09-02T21:13:26-06:00,https://apps.grupoice.com/CenceWeb/CenceBoletinIntraDiario.jsf?init=true
Solar,Parque Solar Miravalles,0.0,2026-09-02,21:13:26,2026-09-02T21:13:26-06:00,https://apps.grupoice.com/CenceWeb/CenceBoletinIntraDiario.jsf?init=true
Solar,Privada Solar,0.0,2026-09-02,21:13:26,2026-09-02T21:13:26-06:00,https://apps.grupoice.com/CenceWeb/CenceBoletinIntraDiario.jsf?init=true
Térmico,Boca de Pozo,4.28,2026-09-02,21:13:26,2026-09-02T21:13:26-06:00,https://apps.grupoice.com/CenceWeb/CenceBoletinIntraDiario.jsf?init=true
Térmico,Garabito,157.25,2026-09-02,21:13:26,2026-09-02T21:13:26-06:00,https://apps.grupoice.com/CenceWeb/CenceBoletinIntraDiario.jsf?init=true
Térmico,Guápiles,0.0,2026-09-02,21:13:26,2026-09-02T21:13:26-06:00,https://apps.grupoice.com/CenceWeb/CenceBoletinIntraDiario.jsf?init=true
Térmico,Las Pailas II,52.33,2026-09-02,21:13:26,2026-09-02T21:13:26-06:00,https://apps.grupoice.com/CenceWeb/CenceBoletinIntraDiario.jsf?init=true
Térmico,Miravalles I,35.99,2026-09-02,21:13:26,2026-09-02T21:13:26-06:00,https://apps.grupoice.com/CenceWeb/CenceBoletinIntraDiario.jsf?init=true
Térmico,Miravalles II,43.83,2026-09-02,21:13:26,2026-09-02T21:13:26-06:00,https://apps.grupoice.com/CenceWeb/CenceBoletinIntraDiario.jsf?init=true
Térmico,Miravalles III,18.33,2026-09-02,21:13:26,2026-09-02T21:13:26-06:00,https://apps.grupoice.com/CenceWeb/CenceBoletinIntraDiario.jsf?init=true
Térmico,Moín II,0.0,2026-09-02,21:13:26,2026-09-02T21:13:26-06:00,https://apps.grupoice.com/CenceWeb/CenceBoletinIntraDiario.jsf?init=true
Térmico,Moín III,0.0,2026-09-02,21:13:26,2026-09-02T21:13:26-06:00,https://apps.grupoice.com/CenceWeb/CenceBoletinIntraDiario.jsf?init=true
Térmico,Orotina,0.0,2026-09-02,21:13:26,2026-09-02T21:13:26-06:00,https://apps.grupoice.com/CenceWeb/CenceBoletinIntraDiario.jsf?init=true
Térmico,PTA Garabito,0.0,2026-09-02,21:13:26,2026-09-02T21:13:26-06:00,https://apps.grupoice.com/CenceWeb/CenceBoletinIntraDiario.jsf?init=true
Térmico,PTA Moín,0.0,2026-09-02,21:13:26,2026-09-02T21:13:26-06:00,https://apps.grupoice.com/CenceWeb/CenceBoletinIntraDiario.jsf?init=true
Térmico,Pailas,30.64,2026-09-02,21:13:26,2026-09-02T21:13:26-06:00,https://apps.grupoice.com/CenceWeb/CenceBoletinIntraDiario.jsf?init=true
Biomasa,Privada Térmico Bagazo,0.0,2026-09-03,02:35:32,2026-09-03T02:35:32-06:00,https://apps.grupoice.com/CenceWeb/CenceBoletinIntraDiario.jsf?init=true
Eólico,BOT Eólico,86.36,2026-09-03,02:35:32,2026-09-03T02:35:32-06:00,https://apps.grupoice.com/CenceWeb/CenceBoletinIntraDiario.jsf?init=true
Eólico,Distribuidoras,32.48,2026-09-03,02:35:32,2026-09-03T02:35:32-06:00,https://apps.grupoice.com/CenceWeb/CenceBoletinIntraDiario.jsf?init=true
Eólico,Privada Eólico,75.7,2026-09-03,02:35:32,2026-09-03T02:35:32-06:00,https://apps.grupoice.com/CenceWeb/CenceBoletinIntraDiario.jsf?init=true
Hídrico,Angostura,84.29,2026-09-03,02:35:32,2026-09-03T02:35:32-06:00,https://apps.grupoice.com/CenceWeb/CenceBoletinIntraDiario.jsf?init=true
Hídrico,Arenal,63.73,2026-09-03,02:35:32,2026-09-03T02:35:32-06:00,https://apps.grupoice.com/CenceWeb/CenceBoletinIntraDiario.jsf?init=true
Hídrico,BOT Hidro,30.06,2026-09-03,02:35:32,2026-09-03T02:35:32-06:00,https://apps.grupoice.com/CenceWeb/CenceBoletinIntraDiario.jsf?init=true
Hídrico,Cachí,28.97,2026-09-03,02:35:32,2026-09-03T02:35:32-06:00,https://apps.grupoice.com/CenceWeb/CenceBoletinIntraDiario.jsf?init=true
Hídrico,Cariblanco,57.92,2026-09-03,02:35:32,2026-09-03T02:35:32-06:00,https://apps.grupoice.com/CenceWeb/CenceBoletinIntraDiario.jsf?init=true
Hídrico,Dengo,80.35,2026-09-03,02:35:32,2026-09-03T02:35:32-06:00,https://apps.grupoice.com/CenceWeb/CenceBoletinIntraDiario.jsf?init=true
Hídrico,Distribuidoras,230.02,2026-09-03,02:35:32,2026-09-03T02:35:32-06:00,https://apps.grupoice.com/CenceWeb/CenceBoletinIntraDiario.jsf?init=true
Hídrico,Echandi,0.0,2026-09-03,02:35:32,2026-09-03T02:35:32-06:00,https://apps.grupoice.com/CenceWeb/CenceBoletinIntraDiario.jsf?init=true
Hídrico,El General,34.77,2026-09-03,02:35:32,2026-09-03T02:35:32-06:00,https://apps.grupoice.com/CenceWeb/CenceBoletinIntraDiario.jsf?init=true
Hídrico,Garita,0.0,2026-09-03,02:35:32,2026-09-03T02:35:32-06:00,https://apps.grupoice.com/CenceWeb/CenceBoletinIntraDiario.jsf?init=true
Hídrico,La Joya,9.75,2026-09-03,02:35:32,2026-09-03T02:35:32-06:00,https://apps.grupoice.com/CenceWeb/CenceBoletinIntraDiario.jsf?init=true
Hídrico,Peñas Blancas,29.26,2026-09-03,02:35:32,2026-09-03T02:35:32-06:00,https://apps.grupoice.com/CenceWeb/CenceBoletinIntraDiario.jsf?init=true
Hídrico,Pirrís,0.0,2026-09-03,02:35:32,2026-09-03T02:35:32-06:00,https://apps.grupoice.com/CenceWeb/CenceBoletinIntraDiario.jsf?init=true
Hídrico,Privada Hidro,51.95,2026-09-03,02:35:32,2026-09-03T02:35:32-06:00,https://apps.grupoice.com/CenceWeb/CenceBoletinIntraDiario.jsf?init=true
Hídrico,Reventazón,52.44,2026-09-03,02:35:32,2026-09-03T02:35:32-06:00,https://apps.grupoice.com/CenceWeb/CenceBoletinIntraDiario.jsf?init=true
Hídrico,Río Macho,65.4,2026-09-03,02:35:32,2026-09-03T02:35:32-06:00,https://apps.grupoice.com/CenceWeb/CenceBoletinIntraDiario.jsf?init=true
Hídrico,Sandillal,10.82,2026-09-03,02:35:32,2026-09-03T02:35:32-06:00,https://apps.grupoice.com/CenceWeb/CenceBoletinIntraDiario.jsf?init=true
Hídrico,Toro I,14.67,2026-09-03,02:35:32,2026-09-03T02:35:32-06:00,https://apps.grupoice.com/CenceWeb/CenceBoletinIntraDiario.jsf?init=true
Hídrico,Toro II,28.1,2026-09-03,02:35:32,2026-09-03T02:35:32-06:00,https://apps.grupoice.com/CenceWeb/CenceBoletinIntraDiario.jsf?init=true
Hídrico,Toro III,21.48,2026-09-03,02:35:32,2026-09-03T02:35:32-06:00,https://apps.grupoice.com/CenceWeb/CenceBoletinIntraDiario.jsf?init=true
Hídrico,Ventanas-Garita,60.92,2026-09-03,02:35:32,2026-09-03T02:35:32-06:00,https://apps.grupoice.com/CenceWeb/CenceBoletinIntraDiario.jsf?init=true
Intercambio,Intercambio Norte,-101.79,2026-09-03,02:35:32,2026-09-03T02:35:32-06:00,https://apps.grupoice.com/CenceWeb/CenceBoletinIntraDiario.jsf?init=true
Intercambio,Intercambio Sur,-1.14,2026-09-03,02:35:32,2026-09-03T02:35:32-06:00,https://apps.grupoice.com/CenceWeb/CenceBoletinIntraDiario.jsf?init=true
Solar,Otras Solar,0.0,2026-09-03,02:35:32,2026-09-03T02:35:32-06:00,https://apps.grupoice.com/CenceWeb/CenceBoletinIntraDiario.jsf?init=true
Solar,PSFV San Antonio,0.0,2026-09-03,02:35:32,2026-09-03T02:35:32-06:00,https://apps.grupoice.com/CenceWeb/CenceBoletinIntraDiario.jsf?init=true
Solar,Parque Solar Miravalles,0.0,2026-09-03,02:35:32,2026-09-03T02:35:32-06:00,https://apps.grupoice.com/CenceWeb/CenceBoletinIntraDiario.jsf?init=true
Solar,Privada Solar,0.0,2026-09-03,02:35:32,2026-09-03T02:35:32-06:00,https://apps.grupoice.com/CenceWeb/CenceBoletinIntraDiario.jsf?init=true
Térmico,Boca de Pozo,4.28,2026-09-03,02:35:32,2026-09-03T02:35:32-06:00,https://apps.grupoice.com/CenceWeb/CenceBoletinIntraDiario.jsf?init=true
Térmico,Garabito,0.0,2026-09-03,02:35:32,2026-09-03T02:35:32-06:00,https://apps.grupoice.com/CenceWeb/CenceBoletinIntraDiario.jsf?init=true
Térmico,Guápiles,0.0,2026-09-03,02:35:32,2026-09-03T02:35:32-06:00,https://apps.grupoice.com/CenceWeb/CenceBoletinIntraDiario.jsf?init=true
Térmico,Las Pailas II,52.32,2026-09-03,02:35:32,2026-09-03T02:35:32-06:00,https://apps.grupoice.com/CenceWeb/CenceBoletinIntraDiario.jsf?init=true
Térmico,Miravalles I,36.49,2026-09-03,02:35:32,2026-09-03T02:35:32-06:00,https://apps.grupoice.com/CenceWeb/CenceBoletinIntraDiario.jsf?init=true
Térmico,Miravalles II,44.47,2026-09-03,02:35:32,2026-09-03T02:35:32-06:00,https://apps.grupoice.com/CenceWeb/CenceBoletinIntraDiario.jsf?init=true
Térmico,Miravalles III,18.34,2026-09-03,02:35:32,2026-09-03T02:35:32-06:00,https://apps.grupoice.com/CenceWeb/CenceBoletinIntraDiario.jsf?init=true
Térmico,Moín II,0.0,2026-09-03,02:35:32,2026-09-03T02:35:32-06:00,https://apps.grupoice.com/CenceWeb/CenceBoletinIntraDiario.jsf?init=true
Térmico,Moín III,0.0,2026-09-03,02:35:32,2026-09-03T02:35:32-06:00,https://apps.grupoice.com/CenceWeb/CenceBoletinIntraDiario.jsf?init=true
Térmico,Orotina,0.0,2026-09-03,02:35:32,2026-09-03T02:35:32-06:00,https://apps.grupoice.com/CenceWeb/CenceBoletinIntraDiario.jsf?init=true
Térmico,PTA Garabito,0.0,2026-09-03,02:35:32,2026-09-03T02:35:32-06:00,https://apps.grupoice.com/CenceWeb/CenceBoletinIntraDiario.jsf?init=true
Térmico,PTA Moín,0.0,2026-09-03,02:35:32,2026-09-03T02:35:32-06:00,https://apps.grupoice.com/CenceWeb/CenceBoletinIntraDiario.jsf?init=true
Térmico,Pailas,30.63,2026-09-03,02:35:32,2026-09-03T02:35:32-06:00,https://apps.grupoice.com/CenceWeb/CenceBoletinIntraDiario.jsf?init=true
Biomasa,Privada Térmico Bagazo,0.0,2026-09-03,08:10:54,2026-09-03T08:10:54-06:00,https://apps.grupoice.com/CenceWeb/CenceBoletinIntraDiario.jsf?init=true
Eólico,BOT Eólico,100.96,2026-09-03,08:10:54,2026-09-03T08:10:54-06:00,https://apps.grupoice.com/CenceWeb/CenceBoletinIntraDiario.jsf?init=true
Eólico,Distribuidoras,48.04,2026-09-03,08:10:54,2026-09-03T08:10:54-06:00,https://apps.grupoice.com/CenceWeb/CenceBoletinIntraDiario.jsf?init=true
Eólico,Privada Eólico,94.62,2026-09-03,08:10:54,2026-09-03T08:10:54-06:00,https://apps.grupoice.com/CenceWeb/CenceBoletinIntraDiario.jsf?init=true
Hídrico,Angostura,118.97,2026-09-03,08:10:54,2026-09-03T08:10:54-06:00,https://apps.grupoice.com/CenceWeb/CenceBoletinIntraDiario.jsf?init=true
Hídrico,Arenal,75.45,2026-09-03,08:10:54,2026-09-03T08:10:54-06:00,https://apps.grupoice.com/CenceWeb/CenceBoletinIntraDiario.jsf?init=true
Hídrico,BOT Hidro,44.29,2026-09-03,08:10:54,2026-09-03T08:10:54-06:00,https://apps.grupoice.com/CenceWeb/CenceBoletinIntraDiario.jsf?init=true
Hídrico,Cachí,75.16,2026-09-03,08:10:54,2026-09-03T08:10:54-06:00,https://apps.grupoice.com/CenceWeb/CenceBoletinIntraDiario.jsf?init=true
Hídrico,Cariblanco,54.8,2026-09-03,08:10:54,2026-09-03T08:10:54-06:00,https://apps.grupoice.com/CenceWeb/CenceBoletinIntraDiario.jsf?init=true
Hídrico,Dengo,91.62,2026-09-03,08:10:54,2026-09-03T08:10:54-06:00,https://apps.grupoice.com/CenceWeb/CenceBoletinIntraDiario.jsf?init=true
Hídrico,Distribuidoras,239.59,2026-09-03,08:10:54,2026-09-03T08:10:54-06:00,https://apps.grupoice.com/CenceWeb/CenceBoletinIntraDiario.jsf?init=true
Hídrico,Echandi,0.0,2026-09-03,08:10:54,2026-09-03T08:10:54-06:00,https://apps.grupoice.com/CenceWeb/CenceBoletinIntraDiario.jsf?init=true
Hídrico,El General,34.29,2026-09-03,08:10:54,2026-09-03T08:10:54-06:00,https://apps.grupoice.com/CenceWeb/CenceBoletinIntraDiario.jsf?init=true
Hídrico,Garita,0.0,2026-09-03,08:10:54,2026-09-03T08:10:54-06:00,https://apps.grupoice.com/CenceWeb/CenceBoletinIntraDiario.jsf?init=true
Hídrico,La Joya,33.66,2026-09-03,08:10:54,2026-09-03T08:10:54-06:00,https://apps.grupoice.com/CenceWeb/CenceBoletinIntraDiario.jsf?init=true
Hídrico,Peñas Blancas,35.8,2026-09-03,08:10:54,2026-09-03T08:10:54-06:00,https://apps.grupoice.com/CenceWeb/CenceBoletinIntraDiario.jsf?init=true
Hídrico,Pirrís,0.0,2026-09-03,08:10:54,2026-09-03T08:10:54-06:00,https://apps.grupoice.com/CenceWeb/CenceBoletinIntraDiario.jsf?init=true
Hídrico,Privada Hidro,53.28,2026-09-03,08:10:54,2026-09-03T08:10:54-06:00,https://apps.grupoice.com/CenceWeb/CenceBoletinIntraDiario.jsf?init=true
Hídrico,Reventazón,152.97,2026-09-03,08:10:54,2026-09-03T08:10:54-06:00,https://apps.grupoice.com/CenceWeb/CenceBoletinIntraDiario.jsf?init=true
Hídrico,Río Macho,73.63,2026-09-03,08:10:54,2026-09-03T08:10:54-06:00,https://apps.grupoice.com/CenceWeb/CenceBoletinIntraDiario.jsf?init=true
Hídrico,Sandillal,13.13,2026-09-03,08:10:54,2026-09-03T08:10:54-06:00,https://apps.grupoice.com/CenceWeb/CenceBoletinIntraDiario.jsf?init=true
Hídrico,Toro I,14.66,2026-09-03,08:10:54,2026-09-03T08:10:54-06:00,https://apps.grupoice.com/CenceWeb/CenceBoletinIntraDiario.jsf?init=true
Hídrico,Toro II,47.37,2026-09-03,08:10:54,2026-09-03T08:10:54-06:00,https://apps.grupoice.com/CenceWeb/CenceBoletinIntraDiario.jsf?init=true
Hídrico,Toro III,35.15,2026-09-03,08:10:54,2026-09-03T08:10:54-06:00,https://apps.grupoice.com/CenceWeb/CenceBoletinIntraDiario.jsf?init=true
Hídrico,Ventanas-Garita,35.18,2026-09-03,08:10:54,2026-09-03T08:10:54-06:00,https://apps.grupoice.com/CenceWeb/CenceBoletinIntraDiario.jsf?init=true
Intercambio,Intercambio Norte,-103.58,2026-09-03,08:10:54,2026-09-03T08:10:54-06:00,https://apps.grupoice.com/CenceWeb/CenceBoletinIntraDiario.jsf?init=true
Intercambio,Intercambio Sur,-1.5,2026-09-03,08:10:54,2026-09-03T08:10:54-06:00,https://apps.grupoice.com/CenceWeb/CenceBoletinIntraDiario.jsf?init=true
Solar,Otras Solar,0.63,2026-09-03,08:10:54,2026-09-03T08:10:54-06:00,https://apps.grupoice.com/CenceWeb/CenceBoletinIntraDiario.jsf?init=true
Solar,PSFV San Antonio,0.95,2026-09-03,08:10:54,2026-09-03T08:10:54-06:00,https://apps.grupoice.com/CenceWeb/CenceBoletinIntraDiario.jsf?init=true
Solar,Parque Solar Miravalles,0.01,2026-09-03,08:10:54,2026-09-03T08:10:54-06:00,https://apps.grupoice.com/CenceWeb/CenceBoletinIntraDiario.jsf?init=true
Solar,Privada Solar,3.26,2026-09-03,08:10:54,2026-09-03T08:10:54-06:00,https://apps.grupoice.com/CenceWeb/CenceBoletinIntraDiario.jsf?init=true
Térmico,Boca de Pozo,4.28,2026-09-03,08:10:54,2026-09-03T08:10:54-06:00,https://apps.grupoice.com/CenceWeb/CenceBoletinIntraDiario.jsf?init=true
Térmico,Garabito,0.0,2026-09-03,08:10:54,2026-09-03T08:10:54-06:00,https://apps.grupoice.com/CenceWeb/CenceBoletinIntraDiario.jsf?init=true
Térmico,Guápiles,0.0,2026-09-03,08:10:54,2026-09-03T08:10:54-06:00,https://apps.grupoice.com/CenceWeb/CenceBoletinIntraDiario.jsf?init=true
Térmico,Las Pailas II,52.33,2026-09-03,08:10:54,2026-09-03T08:10:54-06:00,https://apps.grupoice.com/CenceWeb/CenceBoletinIntraDiario.jsf?init=true
Térmico,Miravalles I,36.49,2026-09-03,08:10:54,2026-09-03T08:10:54-06:00,https://apps.grupoice.com/CenceWeb/CenceBoletinIntraDiario.jsf?init=true
Térmico,Miravalles II,44.44,2026-09-03,08:10:54,2026-09-03T08:10:54-06:00,https://apps.grupoice.com/CenceWeb/CenceBoletinIntraDiario.jsf?init=true
Térmico,Miravalles III,18.3,2026-09-03,08:10:54,2026-09-03T08:10:54-06:00,https://apps.grupoice.com/CenceWeb/CenceBoletinIntraDiario.jsf?init=true
Térmico,Moín II,0.0,2026-09-03,08:10:54,2026-09-03T08:10:54-06:00,https://apps.grupoice.com/CenceWeb/CenceBoletinIntraDiario.jsf?init=true
Térmico,Moín III,0.0,2026-09-03,08:10:54,2026-09-03T08:10:54-06:00,https://apps.grupoice.com/CenceWeb/CenceBoletinIntraDiario.jsf?init=true
Térmico,Orotina,0.0,2026-09-03,08:10:54,2026-09-03T08:10:54-06:00,https://apps.grupoice.com/CenceWeb/CenceBoletinIntraDiario.jsf?init=true
Térmico,PTA Garabito,0.0,2026-09-03,08:10:54,2026-09-03T08:10:54-06:00,https://apps.grupoice.com/CenceWeb/CenceBoletinIntraDiario.jsf?init=true
Térmico,PTA Moín,0.0,2026-09-03,08:10:54,2026-09-03T08:10:54-06:00,https://apps.grupoice.com/CenceWeb/CenceBoletinIntraDiario.jsf?init=true
Térmico,Pailas,30.63,2026-09-03,08:10:54,2026-09-03T08:10:54-06:00,https://apps.grupoice.com/CenceWeb/CenceBoletinIntraDiario.jsf?init=true
Biomasa,Privada Térmico Bagazo,0.0,2026-09-03,13:08:35,2026-09-03T13:08:35-06:00,https://apps.grupoice.com/CenceWeb/CenceBoletinIntraDiario.jsf?init=true
Eólico,BOT Eólico,82.06,2026-09-03,13:08:35,2026-09-03T13:08:35-06:00,https://apps.grupoice.com/CenceWeb/CenceBoletinIntraDiario.jsf?init=true
Eólico,Distribuidoras,45.06,2026-09-03,13:08:35,2026-09-03T13:08:35-06:00,https://apps.grupoice.com/CenceWeb/CenceBoletinIntraDiario.jsf?init=true
Eólico,Privada Eólico,92.34,2026-09-03,13:08:35,2026-09-03T13:08:35-06:00,https://apps.grupoice.com/CenceWeb/CenceBoletinIntraDiario.jsf?init=true
Hídrico,Angostura,119.3,2026-09-03,13:08:35,2026-09-03T13:08:35-06:00,https://apps.grupoice.com/CenceWeb/CenceBoletinIntraDiario.jsf?init=true
Hídrico,Arenal,99.84,2026-09-03,13:08:35,2026-09-03T13:08:35-06:00,https://apps.grupoice.com/CenceWeb/CenceBoletinIntraDiario.jsf?init=true
Hídrico,BOT Hidro,94.93,2026-09-03,13:08:35,2026-09-03T13:08:35-06:00,https://apps.grupoice.com/CenceWeb/CenceBoletinIntraDiario.jsf?init=true
Hídrico,Cachí,75.22,2026-09-03,13:08:35,2026-09-03T13:08:35-06:00,https://apps.grupoice.com/CenceWeb/CenceBoletinIntraDiario.jsf?init=true
Hídrico,Cariblanco,63.04,2026-09-03,13:08:35,2026-09-03T13:08:35-06:00,https://apps.grupoice.com/CenceWeb/CenceBoletinIntraDiario.jsf?init=true
Hídrico,Dengo,116.24,2026-09-03,13:08:35,2026-09-03T13:08:35-06:00,https://apps.grupoice.com/CenceWeb/CenceBoletinIntraDiario.jsf?init=true
Hídrico,Distribuidoras,317.28,2026-09-03,13:08:35,2026-09-03T13:08:35-06:00,https://apps.grupoice.com/CenceWeb/CenceBoletinIntraDiario.jsf?init=true
Hídrico,Echandi,0.0,2026-09-03,13:08:35,2026-09-03T13:08:35-06:00,https://apps.grupoice.com/CenceWeb/CenceBoletinIntraDiario.jsf?init=true
Hídrico,El General,34.33,2026-09-03,13:08:35,2026-09-03T13:08:35-06:00,https://apps.grupoice.com/CenceWeb/CenceBoletinIntraDiario.jsf?init=true
Hídrico,Garita,0.0,2026-09-03,13:08:35,2026-09-03T13:08:35-06:00,https://apps.grupoice.com/CenceWeb/CenceBoletinIntraDiario.jsf?init=true
Hídrico,La Joya,31.98,2026-09-03,13:08:35,2026-09-03T13:08:35-06:00,https://apps.grupoice.com/CenceWeb/CenceBoletinIntraDiario.jsf?init=true
Hídrico,Peñas Blancas,36.14,2026-09-03,13:08:35,2026-09-03T13:08:35-06:00,https://apps.grupoice.com/CenceWeb/CenceBoletinIntraDiario.jsf?init=true
Hídrico,Pirrís,0.0,2026-09-03,13:08:35,2026-09-03T13:08:35-06:00,https://apps.grupoice.com/CenceWeb/CenceBoletinIntraDiario.jsf?init=true
Hídrico,Privada Hidro,36.13,2026-09-03,13:08:35,2026-09-03T13:08:35-06:00,https://apps.grupoice.com/CenceWeb/CenceBoletinIntraDiario.jsf?init=true
Hídrico,Reventazón,255.65,2026-09-03,13:08:35,2026-09-03T13:08:35-06:00,https://apps.grupoice.com/CenceWeb/CenceBoletinIntraDiario.jsf?init=true
Hídrico,Río Macho,78.36,2026-09-03,13:08:35,2026-09-03T13:08:35-06:00,https://apps.grupoice.com/CenceWeb/CenceBoletinIntraDiario.jsf?init=true
Hídrico,Sandillal,13.31,2026-09-03,13:08:35,2026-09-03T13:08:35-06:00,https://apps.grupoice.com/CenceWeb/CenceBoletinIntraDiario.jsf?init=true
Hídrico,Toro I,13.28,2026-09-03,13:08:35,2026-09-03T13:08:35-06:00,https://apps.grupoice.com/CenceWeb/CenceBoletinIntraDiario.jsf?init=true
Hídrico,Toro II,48.33,2026-09-03,13:08:35,2026-09-03T13:08:35-06:00,https://apps.grupoice.com/CenceWeb/CenceBoletinIntraDiario.jsf?init=true
Hídrico,Toro III,36.23,2026-09-03,13:08:35,2026-09-03T13:08:35-06:00,https://apps.grupoice.com/CenceWeb/CenceBoletinIntraDiario.jsf?init=true
Hídrico,Ventanas-Garita,68.47,2026-09-03,13:08:35,2026-09-03T13:08:35-06:00,https://apps.grupoice.com/CenceWeb/CenceBoletinIntraDiario.jsf?init=true
Intercambio,Intercambio Norte,-104.13,2026-09-03,13:08:35,2026-09-03T13:08:35-06:00,https://apps.grupoice.com/CenceWeb/CenceBoletinIntraDiario.jsf?init=true
Intercambio,Intercambio Sur,-1.38,2026-09-03,13:08:35,2026-09-03T13:08:35-06:00,https://apps.grupoice.com/CenceWeb/CenceBoletinIntraDiario.jsf?init=true
Solar,Otras Solar,7.19,2026-09-03,13:08:35,2026-09-03T13:08:35-06:00,https://apps.grupoice.com/CenceWeb/CenceBoletinIntraDiario.jsf?init=true
Solar,PSFV San Antonio,9.45,2026-09-03,13:08:35,2026-09-03T13:08:35-06:00,https://apps.grupoice.com/CenceWeb/CenceBoletinIntraDiario.jsf?init=true
Solar,Parque Solar Miravalles,0.09,2026-09-03,13:08:35,2026-09-03T13:08:35-06:00,https://apps.grupoice.com/CenceWeb/CenceBoletinIntraDiario.jsf?init=true
Térmico,Boca de Pozo,4.29,2026-09-03,13:08:35,2026-09-03T13:08:35-06:00,https://apps.grupoice.com/CenceWeb/CenceBoletinIntraDiario.jsf?init=true
Térmico,Garabito,67.06,2026-09-03,13:08:35,2026-09-03T13:08:35-06:00,https://apps.grupoice.com/CenceWeb/CenceBoletinIntraDiario.jsf?init=true
Térmico,Guápiles,0.0,2026-09-03,13:08:35,2026-09-03T13:08:35-06:00,https://apps.grupoice.com/CenceWeb/CenceBoletinIntraDiario.jsf?init=true
Térmico,Las Pailas II,52.2,2026-09-03,13:08:35,2026-09-03T13:08:35-06:00,https://apps.grupoice.com/CenceWeb/CenceBoletinIntraDiario.jsf?init=true
Térmico,Miravalles I,36.24,2026-09-03,13:08:35,2026-09-03T13:08:35-06:00,https://apps.grupoice.com/CenceWeb/CenceBoletinIntraDiario.jsf?init=true
Térmico,Miravalles II,44.07,2026-09-03,13:08:35,2026-09-03T13:08:35-06:00,https://apps.grupoice.com/CenceWeb/CenceBoletinIntraDiario.jsf?init=true
Térmico,Miravalles III,18.18,2026-09-03,13:08:35,2026-09-03T13:08:35-06:00,https://apps.grupoice.com/CenceWeb/CenceBoletinIntraDiario.jsf?init=true
Térmico,Moín II,0.0,2026-09-03,13:08:35,2026-09-03T13:08:35-06:00,https://apps.grupoice.com/CenceWeb/CenceBoletinIntraDiario.jsf?init=true
Térmico,Moín III,0.0,2026-09-03,13:08:35,2026-09-03T13:08:35-06:00,https://apps.grupoice.com/CenceWeb/CenceBoletinIntraDiario.jsf?init=true
Térmico,Orotina,0.0,2026-09-03,13:08:35,2026-09-03T13:08:35-06:00,https://apps.grupoice.com/CenceWeb/CenceBoletinIntraDiario.jsf?init=true
Térmico,PTA Garabito,0.0,2026-09-03,13:08:35,2026-09-03T13:08:35-06:00,https://apps.grupoice.com/CenceWeb/CenceBoletinIntraDiario.jsf?init=true
Térmico,PTA Moín,0.0,2026-09-03,13:08:35,2026-09-03T13:08:35-06:00,https://apps.grupoice.com/CenceWeb/CenceBoletinIntraDiario.jsf?init=true
Térmico,Pailas,30.62,2026-09-03,13:08:35,2026-09-03T13:08:35-06:00,https://apps.grupoice.com/CenceWeb/CenceBoletinIntraDiario.jsf?init=true
Biomasa,Privada Térmico Bagazo,0.0,2026-09-03,16:20:35,2026-09-03T16:20:35-06:00,https://apps.grupoice.com/CenceWeb/CenceBoletinIntraDiario.jsf?init=true
Eólico,BOT Eólico,60.19,2026-09-03,16:20:35,2026-09-03T16:20:35-06:00,https://apps.grupoice.com/CenceWeb/CenceBoletinIntraDiario.jsf?init=true
Eólico,Distribuidoras,29.24,2026-09-03,16:20:35,2026-09-03T16:20:35-06:00,https://apps.grupoice.com/CenceWeb/CenceBoletinIntraDiario.jsf?init=true
Eólico,Privada Eólico,75.35,2026-09-03,16:20:35,2026-09-03T16:20:35-06:00,https://apps.grupoice.com/CenceWeb/CenceBoletinIntraDiario.jsf?init=true
Hídrico,Angostura,119.12,2026-09-03,16:20:35,2026-09-03T16:20:35-06:00,https://apps.grupoice.com/CenceWeb/CenceBoletinIntraDiario.jsf?init=true
Hídrico,Arenal,100.45,2026-09-03,16:20:35,2026-09-03T16:20:35-06:00,https://apps.grupoice.com/CenceWeb/CenceBoletinIntraDiario.jsf?init=true
Hídrico,BOT Hidro,95.21,2026-09-03,16:20:35,2026-09-03T16:20:35-06:00,https://apps.grupoice.com/CenceWeb/CenceBoletinIntraDiario.jsf?init=true
Hídrico,Cachí,75.33,2026-09-03,16:20:35,2026-09-03T16:20:35-06:00,https://apps.grupoice.com/CenceWeb/CenceBoletinIntraDiario.jsf?init=true
Hídrico,Cariblanco,80.59,2026-09-03,16:20:35,2026-09-03T16:20:35-06:00,https://apps.grupoice.com/CenceWeb/CenceBoletinIntraDiario.jsf?init=true
Hídrico,Dengo,117.99,2026-09-03,16:20:35,2026-09-03T16:20:35-06:00,https://apps.grupoice.com/CenceWeb/CenceBoletinIntraDiario.jsf?init=true
Hídrico,Distribuidoras,255.8,2026-09-03,16:20:35,2026-09-03T16:20:35-06:00,https://apps.grupoice.com/CenceWeb/CenceBoletinIntraDiario.jsf?init=true
Hídrico,Echandi,0.0,2026-09-03,16:20:35,2026-09-03T16:20:35-06:00,https://apps.grupoice.com/CenceWeb/CenceBoletinIntraDiario.jsf?init=true
Hídrico,El General,34.32,2026-09-03,16:20:35,2026-09-03T16:20:35-06:00,https://apps.grupoice.com/CenceWeb/CenceBoletinIntraDiario.jsf?init=true
Hídrico,Garita,0.0,2026-09-03,16:20:35,2026-09-03T16:20:35-06:00,https://apps.grupoice.com/CenceWeb/CenceBoletinIntraDiario.jsf?init=true
Hídrico,La Joya,30.96,2026-09-03,16:20:35,2026-09-03T16:20:35-06:00,https://apps.grupoice.com/CenceWeb/CenceBoletinIntraDiario.jsf?init=true
Hídrico,Peñas Blancas,36.24,2026-09-03,16:20:35,2026-09-03T16:20:35-06:00,https://apps.grupoice.com/CenceWeb/CenceBoletinIntraDiario.jsf?init=true
Hídrico,Pirrís,0.0,2026-09-03,16:20:35,2026-09-03T16:20:35-06:00,https://apps.grupoice.com/CenceWeb/CenceBoletinIntraDiario.jsf?init=true
Hídrico,Privada Hidro,36.53,2026-09-03,16:20:35,2026-09-03T16:20:35-06:00,https://apps.grupoice.com/CenceWeb/CenceBoletinIntraDiario.jsf?init=true
Hídrico,Reventazón,270.1,2026-09-03,16:20:35,2026-09-03T16:20:35-06:00,https://apps.grupoice.com/CenceWeb/CenceBoletinIntraDiario.jsf?init=true
Hídrico,Río Macho,79.84,2026-09-03,16:20:35,2026-09-03T16:20:35-06:00,https://apps.grupoice.com/CenceWeb/CenceBoletinIntraDiario.jsf?init=true
Hídrico,Sandillal,13.5,2026-09-03,16:20:35,2026-09-03T16:20:35-06:00,https://apps.grupoice.com/CenceWeb/CenceBoletinIntraDiario.jsf?init=true
Hídrico,Toro I,14.28,2026-09-03,16:20:35,2026-09-03T16:20:35-06:00,https://apps.grupoice.com/CenceWeb/CenceBoletinIntraDiario.jsf?init=true
Hídrico,Toro II,40.34,2026-09-03,16:20:35,2026-09-03T16:20:35-06:00,https://apps.grupoice.com/CenceWeb/CenceBoletinIntraDiario.jsf?init=true
Hídrico,Toro III,30.85,2026-09-03,16:20:35,2026-09-03T16:20:35-06:00,https://apps.grupoice.com/CenceWeb/CenceBoletinIntraDiario.jsf?init=true
Hídrico,Ventanas-Garita,69.09,2026-09-03,16:20:35,2026-09-03T16:20:35-06:00,https://apps.grupoice.com/CenceWeb/CenceBoletinIntraDiario.jsf?init=true
Intercambio,Intercambio Norte,-106.43,2026-09-03,16:20:35,2026-09-03T16:20:35-06:00,https://apps.grupoice.com/CenceWeb/CenceBoletinIntraDiario.jsf?init=true
Intercambio,Intercambio Sur,-0.36,2026-09-03,16:20:35,2026-09-03T16:20:35-06:00,https://apps.grupoice.com/CenceWeb/CenceBoletinIntraDiario.jsf?init=true
Solar,Otras Solar,6.37,2026-09-03,16:20:35,2026-09-03T16:20:35-06:00,https://apps.grupoice.com/CenceWeb/CenceBoletinIntraDiario.jsf?init=true
Solar,PSFV San Antonio,1.91,2026-09-03,16:20:35,2026-09-03T16:20:35-06:00,https://apps.grupoice.com/CenceWeb/CenceBoletinIntraDiario.jsf?init=true
Solar,Parque Solar Miravalles,0.14,2026-09-03,16:20:35,2026-09-03T16:20:35-06:00,https://apps.grupoice.com/CenceWeb/CenceBoletinIntraDiario.jsf?init=true
Térmico,Boca de Pozo,4.29,2026-09-03,16:20:35,2026-09-03T16:20:35-06:00,https://apps.grupoice.com/CenceWeb/CenceBoletinIntraDiario.jsf?init=true
Térmico,Garabito,155.78,2026-09-03,16:20:35,2026-09-03T16:20:35-06:00,https://apps.grupoice.com/CenceWeb/CenceBoletinIntraDiario.jsf?init=true
Térmico,Guápiles,0.0,2026-09-03,16:20:35,2026-09-03T16:20:35-06:00,https://apps.grupoice.com/CenceWeb/CenceBoletinIntraDiario.jsf?init=true
Térmico,Las Pailas II,52.34,2026-09-03,16:20:35,2026-09-03T16:20:35-06:00,https://apps.grupoice.com/CenceWeb/CenceBoletinIntraDiario.jsf?init=true
Térmico,Miravalles I,36.24,2026-09-03,16:20:35,2026-09-03T16:20:35-06:00,https://apps.grupoice.com/CenceWeb/CenceBoletinIntraDiario.jsf?init=true
Térmico,Miravalles II,44.37,2026-09-03,16:20:35,2026-09-03T16:20:35-06:00,https://apps.grupoice.com/CenceWeb/CenceBoletinIntraDiario.jsf?init=true
Térmico,Miravalles III,18.4,2026-09-03,16:20:35,2026-09-03T16:20:35-06:00,https://apps.grupoice.com/CenceWeb/CenceBoletinIntraDiario.jsf?init=true
Térmico,Moín II,0.0,2026-09-03,16:20:35,2026-09-03T16:20:35-06:00,https://apps.grupoice.com/CenceWeb/CenceBoletinIntraDiario.jsf?init=true
Térmico,Moín III,0.0,2026-09-03,16:20:35,2026-09-03T16:20:35-06:00,https://apps.grupoice.com/CenceWeb/CenceBoletinIntraDiario.jsf?init=true
Térmico,Orotina,0.86,2026-09-03,16:20:35,2026-09-03T16:20:35-06:00,https://apps.grupoice.com/CenceWeb/CenceBoletinIntraDiario.jsf?init=true
Térmico,PTA Garabito,0.0,2026-09-03,16:20:35,2026-09-03T16:20:35-06:00,https://apps.grupoice.com/CenceWeb/CenceBoletinIntraDiario.jsf?init=true
Térmico,PTA Moín,0.0,2026-09-03,16:20:35,2026-09-03T16:20:35-06:00,https://apps.grupoice.com/CenceWeb/CenceBoletinIntraDiario.jsf?init=true
Térmico,Pailas,30.68,2026-09-03,16:20:35,2026-09-03T16:20:35-06:00,https://apps.grupoice.com/CenceWeb/CenceBoletinIntraDiario.jsf?init=true
Biomasa,Privada Térmico Bagazo,0.0,2026-09-03,21:12:19,2026-09-03T21:12:19-06:00,https://apps.grupoice.com/CenceWeb/CenceBoletinIntraDiario.jsf?init=true
Eólico,BOT Eólico,69.7,2026-09-03,21:12:19,2026-09-03T21:12:19-06:00,https://apps.grupoice.com/CenceWeb/CenceBoletinIntraDiario.jsf?init=true
Eólico,Distribuidoras,33.6,2026-09-03,21:12:19,2026-09-03T21:12:19-06:00,https://apps.grupoice.com/CenceWeb/CenceBoletinIntraDiario.jsf?init=true
Eólico,Privada Eólico,57.37,2026-09-03,21:12:19,2026-09-03T21:12:19-06:00,https://apps.grupoice.com/CenceWeb/CenceBoletinIntraDiario.jsf?init=true
Hídrico,Angostura,119.17,2026-09-03,21:12:19,2026-09-03T21:12:19-06:00,https://apps.grupoice.com/CenceWeb/CenceBoletinIntraDiario.jsf?init=true
Hídrico,Arenal,101.47,2026-09-03,21:12:19,2026-09-03T21:12:19-06:00,https://apps.grupoice.com/CenceWeb/CenceBoletinIntraDiario.jsf?init=true
Hídrico,BOT Hidro,94.23,2026-09-03,21:12:19,2026-09-03T21:12:19-06:00,https://apps.grupoice.com/CenceWeb/CenceBoletinIntraDiario.jsf?init=true
Hídrico,Cachí,75.15,2026-09-03,21:12:19,2026-09-03T21:12:19-06:00,https://apps.grupoice.com/CenceWeb/CenceBoletinIntraDiario.jsf?init=true
Hídrico,Cariblanco,60.69,2026-09-03,21:12:19,2026-09-03T21:12:19-06:00,https://apps.grupoice.com/CenceWeb/CenceBoletinIntraDiario.jsf?init=true
Hídrico,Dengo,117.95,2026-09-03,21:12:19,2026-09-03T21:12:19-06:00,https://apps.grupoice.com/CenceWeb/CenceBoletinIntraDiario.jsf?init=true
Hídrico,Distribuidoras,304.72,2026-09-03,21:12:19,2026-09-03T21:12:19-06:00,https://apps.grupoice.com/CenceWeb/CenceBoletinIntraDiario.jsf?init=true
Hídrico,Echandi,0.0,2026-09-03,21:12:19,2026-09-03T21:12:19-06:00,https://apps.grupoice.com/CenceWeb/CenceBoletinIntraDiario.jsf?init=true
Hídrico,El General,26.5,2026-09-03,21:12:19,2026-09-03T21:12:19-06:00,https://apps.grupoice.com/CenceWeb/CenceBoletinIntraDiario.jsf?init=true
Hídrico,Garita,0.0,2026-09-03,21:12:19,2026-09-03T21:12:19-06:00,https://apps.grupoice.com/CenceWeb/CenceBoletinIntraDiario.jsf?init=true
Hídrico,La Joya,32.52,2026-09-03,21:12:19,2026-09-03T21:12:19-06:00,https://apps.grupoice.com/CenceWeb/CenceBoletinIntraDiario.jsf?init=true
Hídrico,Peñas Blancas,36.22,2026-09-03,21:12:19,2026-09-03T21:12:19-06:00,https://apps.grupoice.com/CenceWeb/CenceBoletinIntraDiario.jsf?init=true
Hídrico,Pirrís,38.75,2026-09-03,21:12:19,2026-09-03T21:12:19-06:00,https://apps.grupoice.com/CenceWeb/CenceBoletinIntraDiario.jsf?init=true
Hídrico,Privada Hidro,53.42,2026-09-03,21:12:19,2026-09-03T21:12:19-06:00,https://apps.grupoice.com/CenceWeb/CenceBoletinIntraDiario.jsf?init=true
Hídrico,Reventazón,258.11,2026-09-03,21:12:19,2026-09-03T21:12:19-06:00,https://apps.grupoice.com/CenceWeb/CenceBoletinIntraDiario.jsf?init=true
Hídrico,Río Macho,54.97,2026-09-03,21:12:19,2026-09-03T21:12:19-06:00,https://apps.grupoice.com/CenceWeb/CenceBoletinIntraDiario.jsf?init=true
Hídrico,Sandillal,13.41,2026-09-03,21:12:19,2026-09-03T21:12:19-06:00,https://apps.grupoice.com/CenceWeb/CenceBoletinIntraDiario.jsf?init=true
Hídrico,Toro I,14.11,2026-09-03,21:12:19,2026-09-03T21:12:19-06:00,https://apps.grupoice.com/CenceWeb/CenceBoletinIntraDiario.jsf?init=true
Hídrico,Toro II,40.21,2026-09-03,21:12:19,2026-09-03T21:12:19-06:00,https://apps.grupoice.com/CenceWeb/CenceBoletinIntraDiario.jsf?init=true
Hídrico,Toro III,30.68,2026-09-03,21:12:19,2026-09-03T21:12:19-06:00,https://apps.grupoice.com/CenceWeb/CenceBoletinIntraDiario.jsf?init=true
Hídrico,Ventanas-Garita,24.57,2026-09-03,21:12:19,2026-09-03T21:12:19-06:00,https://apps.grupoice.com/CenceWeb/CenceBoletinIntraDiario.jsf?init=true
Intercambio,Intercambio Norte,-103.23,2026-09-03,21:12:19,2026-09-03T21:12:19-06:00,https://apps.grupoice.com/CenceWeb/CenceBoletinIntraDiario.jsf?init=true
Intercambio,Intercambio Sur,-1.37,2026-09-03,21:12:19,2026-09-03T21:12:19-06:00,https://apps.grupoice.com/CenceWeb/CenceBoletinIntraDiario.jsf?init=true
Solar,Otras Solar,0.0,2026-09-03,21:12:19,2026-09-03T21:12:19-06:00,https://apps.grupoice.com/CenceWeb/CenceBoletinIntraDiario.jsf?init=true
Solar,PSFV San Antonio,0.0,2026-09-03,21:12:19,2026-09-03T21:12:19-06:00,https://apps.grupoice.com/CenceWeb/CenceBoletinIntraDiario.jsf?init=true
Solar,Parque Solar Miravalles,0.0,2026-09-03,21:12:19,2026-09-03T21:12:19-06:00,https://apps.grupoice.com/CenceWeb/CenceBoletinIntraDiario.jsf?init=true
Térmico,Boca de Pozo,4.29,2026-09-03,21:12:19,2026-09-03T21:12:19-06:00,https://apps.grupoice.com/CenceWeb/CenceBoletinIntraDiario.jsf?init=true
Térmico,Garabito,155.84,2026-09-03,21:12:19,2026-09-03T21:12:19-06:00,https://apps.grupoice.com/CenceWeb/CenceBoletinIntraDiario.jsf?init=true
Térmico,Guápiles,0.0,2026-09-03,21:12:19,2026-09-03T21:12:19-06:00,https://apps.grupoice.com/CenceWeb/CenceBoletinIntraDiario.jsf?init=true
Térmico,Las Pailas II,52.32,2026-09-03,21:12:19,2026-09-03T21:12:19-06:00,https://apps.grupoice.com/CenceWeb/CenceBoletinIntraDiario.jsf?init=true
Térmico,Miravalles I,36.48,2026-09-03,21:12:19,2026-09-03T21:12:19-06:00,https://apps.grupoice.com/CenceWeb/CenceBoletinIntraDiario.jsf?init=true
Térmico,Miravalles II,44.72,2026-09-03,21:12:19,2026-09-03T21:12:19-06:00,https://apps.grupoice.com/CenceWeb/CenceBoletinIntraDiario.jsf?init=true
Térmico,Miravalles III,18.65,2026-09-03,21:12:19,2026-09-03T21:12:19-06:00,https://apps.grupoice.com/CenceWeb/CenceBoletinIntraDiario.jsf?init=true
Térmico,Moín II,0.0,2026-09-03,21:12:19,2026-09-03T21:12:19-06:00,https://apps.grupoice.com/CenceWeb/CenceBoletinIntraDiario.jsf?init=true
Térmico,Moín III,0.0,2026-09-03,21:12:19,2026-09-03T21:12:19-06:00,https://apps.grupoice.com/CenceWeb/CenceBoletinIntraDiario.jsf?init=true
Térmico,Orotina,9.2,2026-09-03,21:12:19,2026-09-03T21:12:19-06:00,https://apps.grupoice.com/CenceWeb/CenceBoletinIntraDiario.jsf?init=true
Térmico,PTA Garabito,0.0,2026-09-03,21:12:19,2026-09-03T21:12:19-06:00,https://apps.grupoice.com/CenceWeb/CenceBoletinIntraDiario.jsf?init=true
Térmico,PTA Moín,0.0,2026-09-03,21:12:19,2026-09-03T21:12:19-06:00,https://apps.grupoice.com/CenceWeb/CenceBoletinIntraDiario.jsf?init=true
Térmico,Pailas,30.73,2026-09-03,21:12:19,2026-09-03T21:12:19-06:00,https://apps.grupoice.com/CenceWeb/CenceBoletinIntraDiario.jsf?init=true
Biomasa,Privada Térmico Bagazo,0.0,2026-09-04,02:31:02,2026-09-04T02:31:02-06:00,https://apps.grupoice.com/CenceWeb/CenceBoletinIntraDiario.jsf?init=true
Eólico,BOT Eólico,102.4,2026-09-04,02:31:02,2026-09-04T02:31:02-06:00,https://apps.grupoice.com/CenceWeb/CenceBoletinIntraDiario.jsf?init=true
Eólico,Distribuidoras,51.58,2026-09-04,02:31:02,2026-09-04T02:31:02-06:00,https://apps.grupoice.com/CenceWeb/CenceBoletinIntraDiario.jsf?init=true
Eólico,Privada Eólico,105.49,2026-09-04,02:31:02,2026-09-04T02:31:02-06:00,https://apps.grupoice.com/CenceWeb/CenceBoletinIntraDiario.jsf?init=true
Hídrico,Angostura,93.8,2026-09-04,02:31:02,2026-09-04T02:31:02-06:00,https://apps.grupoice.com/CenceWeb/CenceBoletinIntraDiario.jsf?init=true
Hídrico,Arenal,63.72,2026-09-04,02:31:02,2026-09-04T02:31:02-06:00,https://apps.grupoice.com/CenceWeb/CenceBoletinIntraDiario.jsf?init=true
Hídrico,BOT Hidro,34.37,2026-09-04,02:31:02,2026-09-04T02:31:02-06:00,https://apps.grupoice.com/CenceWeb/CenceBoletinIntraDiario.jsf?init=true
Hídrico,Cachí,66.24,2026-09-04,02:31:02,2026-09-04T02:31:02-06:00,https://apps.grupoice.com/CenceWeb/CenceBoletinIntraDiario.jsf?init=true
Hídrico,Cariblanco,40.83,2026-09-04,02:31:02,2026-09-04T02:31:02-06:00,https://apps.grupoice.com/CenceWeb/CenceBoletinIntraDiario.jsf?init=true
Hídrico,Dengo,79.04,2026-09-04,02:31:02,2026-09-04T02:31:02-06:00,https://apps.grupoice.com/CenceWeb/CenceBoletinIntraDiario.jsf?init=true
Hídrico,Distribuidoras,184.6,2026-09-04,02:31:02,2026-09-04T02:31:02-06:00,https://apps.grupoice.com/CenceWeb/CenceBoletinIntraDiario.jsf?init=true
Hídrico,Echandi,0.0,2026-09-04,02:31:02,2026-09-04T02:31:02-06:00,https://apps.grupoice.com/CenceWeb/CenceBoletinIntraDiario.jsf?init=true
Hídrico,El General,17.81,2026-09-04,02:31:02,2026-09-04T02:31:02-06:00,https://apps.grupoice.com/CenceWeb/CenceBoletinIntraDiario.jsf?init=true
Hídrico,Garita,0.0,2026-09-04,02:31:02,2026-09-04T02:31:02-06:00,https://apps.grupoice.com/CenceWeb/CenceBoletinIntraDiario.jsf?init=true
Hídrico,La Joya,28.75,2026-09-04,02:31:02,2026-09-04T02:31:02-06:00,https://apps.grupoice.com/CenceWeb/CenceBoletinIntraDiario.jsf?init=true
Hídrico,Peñas Blancas,35.33,2026-09-04,02:31:02,2026-09-04T02:31:02-06:00,https://apps.grupoice.com/CenceWeb/CenceBoletinIntraDiario.jsf?init=true
Hídrico,Pirrís,0.0,2026-09-04,02:31:02,2026-09-04T02:31:02-06:00,https://apps.grupoice.com/CenceWeb/CenceBoletinIntraDiario.jsf?init=true
Hídrico,Privada Hidro,28.95,2026-09-04,02:31:02,2026-09-04T02:31:02-06:00,https://apps.grupoice.com/CenceWeb/CenceBoletinIntraDiario.jsf?init=true
Hídrico,Reventazón,52.52,2026-09-04,02:31:02,2026-09-04T02:31:02-06:00,https://apps.grupoice.com/CenceWeb/CenceBoletinIntraDiario.jsf?init=true
Hídrico,Río Macho,36.32,2026-09-04,02:31:02,2026-09-04T02:31:02-06:00,https://apps.grupoice.com/CenceWeb/CenceBoletinIntraDiario.jsf?init=true
Hídrico,Sandillal,11.37,2026-09-04,02:31:02,2026-09-04T02:31:02-06:00,https://apps.grupoice.com/CenceWeb/CenceBoletinIntraDiario.jsf?init=true
Hídrico,Toro I,14.09,2026-09-04,02:31:02,2026-09-04T02:31:02-06:00,https://apps.grupoice.com/CenceWeb/CenceBoletinIntraDiario.jsf?init=true
Hídrico,Toro II,38.63,2026-09-04,02:31:02,2026-09-04T02:31:02-06:00,https://apps.grupoice.com/CenceWeb/CenceBoletinIntraDiario.jsf?init=true
Hídrico,Toro III,29.44,2026-09-04,02:31:02,2026-09-04T02:31:02-06:00,https://apps.grupoice.com/CenceWeb/CenceBoletinIntraDiario.jsf?init=true
Hídrico,Ventanas-Garita,20.92,2026-09-04,02:31:02,2026-09-04T02:31:02-06:00,https://apps.grupoice.com/CenceWeb/CenceBoletinIntraDiario.jsf?init=true
Intercambio,Intercambio Norte,-72.7,2026-09-04,02:31:02,2026-09-04T02:31:02-06:00,https://apps.grupoice.com/CenceWeb/CenceBoletinIntraDiario.jsf?init=true
Intercambio,Intercambio Sur,-2.14,2026-09-04,02:31:02,2026-09-04T02:31:02-06:00,https://apps.grupoice.com/CenceWeb/CenceBoletinIntraDiario.jsf?init=true
Solar,Otras Solar,0.0,2026-09-04,02:31:02,2026-09-04T02:31:02-06:00,https://apps.grupoice.com/CenceWeb/CenceBoletinIntraDiario.jsf?init=true
Solar,PSFV San Antonio,0.0,2026-09-04,02:31:02,2026-09-04T02:31:02-06:00,https://apps.grupoice.com/CenceWeb/CenceBoletinIntraDiario.jsf?init=true
Solar,Parque Solar Miravalles,0.0,2026-09-04,02:31:02,2026-09-04T02:31:02-06:00,https://apps.grupoice.com/CenceWeb/CenceBoletinIntraDiario.jsf?init=true
Térmico,Boca de Pozo,4.28,2026-09-04,02:31:02,2026-09-04T02:31:02-06:00,https://apps.grupoice.com/CenceWeb/CenceBoletinIntraDiario.jsf?init=true
Térmico,Garabito,0.0,2026-09-04,02:31:02,2026-09-04T02:31:02-06:00,https://apps.grupoice.com/CenceWeb/CenceBoletinIntraDiario.jsf?init=true
Térmico,Guápiles,0.0,2026-09-04,02:31:02,2026-09-04T02:31:02-06:00,https://apps.grupoice.com/CenceWeb/CenceBoletinIntraDiario.jsf?init=true
Térmico,Las Pailas II,52.31,2026-09-04,02:31:02,2026-09-04T02:31:02-06:00,https://apps.grupoice.com/CenceWeb/CenceBoletinIntraDiario.jsf?init=true
Térmico,Miravalles I,36.56,2026-09-04,02:31:02,2026-09-04T02:31:02-06:00,https://apps.grupoice.com/CenceWeb/CenceBoletinIntraDiario.jsf?init=true
Térmico,Miravalles II,44.69,2026-09-04,02:31:02,2026-09-04T02:31:02-06:00,https://apps.grupoice.com/CenceWeb/CenceBoletinIntraDiario.jsf?init=true
Térmico,Miravalles III,18.67,2026-09-04,02:31:02,2026-09-04T02:31:02-06:00,https://apps.grupoice.com/CenceWeb/CenceBoletinIntraDiario.jsf?init=true
Térmico,Moín II,0.0,2026-09-04,02:31:02,2026-09-04T02:31:02-06:00,https://apps.grupoice.com/CenceWeb/CenceBoletinIntraDiario.jsf?init=true
Térmico,Moín III,0.0,2026-09-04,02:31:02,2026-09-04T02:31:02-06:00,https://apps.grupoice.com/CenceWeb/CenceBoletinIntraDiario.jsf?init=true
Térmico,Orotina,0.0,2026-09-04,02:31:02,2026-09-04T02:31:02-06:00,https://apps.grupoice.com/CenceWeb/CenceBoletinIntraDiario.jsf?init=true
Térmico,PTA Garabito,0.0,2026-09-04,02:31:02,2026-09-04T02:31:02-06:00,https://apps.grupoice.com/CenceWeb/CenceBoletinIntraDiario.jsf?init=true
Térmico,PTA Moín,0.0,2026-09-04,02:31:02,2026-09-04T02:31:02-06:00,https://apps.grupoice.com/CenceWeb/CenceBoletinIntraDiario.jsf?init=true
Térmico,Pailas,30.74,2026-09-04,02:31:02,2026-09-04T02:31:02-06:00,https://apps.grupoice.com/CenceWeb/CenceBoletinIntraDiario.jsf?init=true
Biomasa,Privada Térmico Bagazo,0.0,2026-09-04,08:02:07,2026-09-04T08:02:07-06:00,https://apps.grupoice.com/CenceWeb/CenceBoletinIntraDiario.jsf?init=true
Eólico,BOT Eólico,102.99,2026-09-04,08:02:07,2026-09-04T08:02:07-06:00,https://apps.grupoice.com/CenceWeb/CenceBoletinIntraDiario.jsf?init=true
Eólico,Distribuidoras,48.0,2026-09-04,08:02:07,2026-09-04T08:02:07-06:00,https://apps.grupoice.com/CenceWeb/CenceBoletinIntraDiario.jsf?init=true
Eólico,Privada Eólico,111.15,2026-09-04,08:02:07,2026-09-04T08:02:07-06:00,https://apps.grupoice.com/CenceWeb/CenceBoletinIntraDiario.jsf?init=true
Hídrico,Angostura,118.77,2026-09-04,08:02:07,2026-09-04T08:02:07-06:00,https://apps.grupoice.com/CenceWeb/CenceBoletinIntraDiario.jsf?init=true
Hídrico,Arenal,78.66,2026-09-04,08:02:07,2026-09-04T08:02:07-06:00,https://apps.grupoice.com/CenceWeb/CenceBoletinIntraDiario.jsf?init=true
Hídrico,BOT Hidro,44.2,2026-09-04,08:02:07,2026-09-04T08:02:07-06:00,https://apps.grupoice.com/CenceWeb/CenceBoletinIntraDiario.jsf?init=true
Hídrico,Cachí,74.77,2026-09-04,08:02:07,2026-09-04T08:02:07-06:00,https://apps.grupoice.com/CenceWeb/CenceBoletinIntraDiario.jsf?init=true
Hídrico,Cariblanco,59.81,2026-09-04,08:02:07,2026-09-04T08:02:07-06:00,https://apps.grupoice.com/CenceWeb/CenceBoletinIntraDiario.jsf?init=true
Hídrico,Dengo,92.19,2026-09-04,08:02:07,2026-09-04T08:02:07-06:00,https://apps.grupoice.com/CenceWeb/CenceBoletinIntraDiario.jsf?init=true
Hídrico,Distribuidoras,233.5,2026-09-04,08:02:07,2026-09-04T08:02:07-06:00,https://apps.grupoice.com/CenceWeb/CenceBoletinIntraDiario.jsf?init=true
Hídrico,Echandi,0.0,2026-09-04,08:02:07,2026-09-04T08:02:07-06:00,https://apps.grupoice.com/CenceWeb/CenceBoletinIntraDiario.jsf?init=true
Hídrico,El General,26.5,2026-09-04,08:02:07,2026-09-04T08:02:07-06:00,https://apps.grupoice.com/CenceWeb/CenceBoletinIntraDiario.jsf?init=true
Hídrico,Garita,0.0,2026-09-04,08:02:07,2026-09-04T08:02:07-06:00,https://apps.grupoice.com/CenceWeb/CenceBoletinIntraDiario.jsf?init=true
Hídrico,La Joya,33.56,2026-09-04,08:02:07,2026-09-04T08:02:07-06:00,https://apps.grupoice.com/CenceWeb/CenceBoletinIntraDiario.jsf?init=true
Hídrico,Peñas Blancas,35.78,2026-09-04,08:02:07,2026-09-04T08:02:07-06:00,https://apps.grupoice.com/CenceWeb/CenceBoletinIntraDiario.jsf?init=true
Hídrico,Pirrís,0.0,2026-09-04,08:02:07,2026-09-04T08:02:07-06:00,https://apps.grupoice.com/CenceWeb/CenceBoletinIntraDiario.jsf?init=true
Hídrico,Privada Hidro,36.18,2026-09-04,08:02:07,2026-09-04T08:02:07-06:00,https://apps.grupoice.com/CenceWeb/CenceBoletinIntraDiario.jsf?init=true
Hídrico,Reventazón,168.98,2026-09-04,08:02:07,2026-09-04T08:02:07-06:00,https://apps.grupoice.com/CenceWeb/CenceBoletinIntraDiario.jsf?init=true
Hídrico,Río Macho,70.95,2026-09-04,08:02:07,2026-09-04T08:02:07-06:00,https://apps.grupoice.com/CenceWeb/CenceBoletinIntraDiario.jsf?init=true
Hídrico,Sandillal,11.87,2026-09-04,08:02:07,2026-09-04T08:02:07-06:00,https://apps.grupoice.com/CenceWeb/CenceBoletinIntraDiario.jsf?init=true
Hídrico,Toro I,13.44,2026-09-04,08:02:07,2026-09-04T08:02:07-06:00,https://apps.grupoice.com/CenceWeb/CenceBoletinIntraDiario.jsf?init=true
Hídrico,Toro II,41.27,2026-09-04,08:02:07,2026-09-04T08:02:07-06:00,https://apps.grupoice.com/CenceWeb/CenceBoletinIntraDiario.jsf?init=true
Hídrico,Toro III,31.23,2026-09-04,08:02:07,2026-09-04T08:02:07-06:00,https://apps.grupoice.com/CenceWeb/CenceBoletinIntraDiario.jsf?init=true
Hídrico,Ventanas-Garita,10.12,2026-09-04,08:02:07,2026-09-04T08:02:07-06:00,https://apps.grupoice.com/CenceWeb/CenceBoletinIntraDiario.jsf?init=true
Intercambio,Intercambio Norte,-71.88,2026-09-04,08:02:07,2026-09-04T08:02:07-06:00,https://apps.grupoice.com/CenceWeb/CenceBoletinIntraDiario.jsf?init=true
Intercambio,Intercambio Sur,0.68,2026-09-04,08:02:07,2026-09-04T08:02:07-06:00,https://apps.grupoice.com/CenceWeb/CenceBoletinIntraDiario.jsf?init=true
Solar,Otras Solar,0.75,2026-09-04,08:02:07,2026-09-04T08:02:07-06:00,https://apps.grupoice.com/CenceWeb/CenceBoletinIntraDiario.jsf?init=true
Solar,PSFV San Antonio,0.82,2026-09-04,08:02:07,2026-09-04T08:02:07-06:00,https://apps.grupoice.com/CenceWeb/CenceBoletinIntraDiario.jsf?init=true
Solar,Parque Solar Miravalles,0.0,2026-09-04,08:02:07,2026-09-04T08:02:07-06:00,https://apps.grupoice.com/CenceWeb/CenceBoletinIntraDiario.jsf?init=true
Térmico,Boca de Pozo,4.29,2026-09-04,08:02:07,2026-09-04T08:02:07-06:00,https://apps.grupoice.com/CenceWeb/CenceBoletinIntraDiario.jsf?init=true
Térmico,Garabito,0.0,2026-09-04,08:02:07,2026-09-04T08:02:07-06:00,https://apps.grupoice.com/CenceWeb/CenceBoletinIntraDiario.jsf?init=true
Térmico,Guápiles,0.0,2026-09-04,08:02:07,2026-09-04T08:02:07-06:00,https://apps.grupoice.com/CenceWeb/CenceBoletinIntraDiario.jsf?init=true
Térmico,Las Pailas II,52.33,2026-09-04,08:02:07,2026-09-04T08:02:07-06:00,https://apps.grupoice.com/CenceWeb/CenceBoletinIntraDiario.jsf?init=true
Térmico,Miravalles I,36.3,2026-09-04,08:02:07,2026-09-04T08:02:07-06:00,https://apps.grupoice.com/CenceWeb/CenceBoletinIntraDiario.jsf?init=true
Térmico,Miravalles II,44.35,2026-09-04,08:02:07,2026-09-04T08:02:07-06:00,https://apps.grupoice.com/CenceWeb/CenceBoletinIntraDiario.jsf?init=true
Térmico,Miravalles III,18.44,2026-09-04,08:02:07,2026-09-04T08:02:07-06:00,https://apps.grupoice.com/CenceWeb/CenceBoletinIntraDiario.jsf?init=true
Térmico,Moín II,0.0,2026-09-04,08:02:07,2026-09-04T08:02:07-06:00,https://apps.grupoice.com/CenceWeb/CenceBoletinIntraDiario.jsf?init=true
Térmico,Moín III,0.0,2026-09-04,08:02:07,2026-09-04T08:02:07-06:00,https://apps.grupoice.com/CenceWeb/CenceBoletinIntraDiario.jsf?init=true
Térmico,Orotina,0.0,2026-09-04,08:02:07,2026-09-04T08:02:07-06:00,https://apps.grupoice.com/CenceWeb/CenceBoletinIntraDiario.jsf?init=true
Térmico,PTA Garabito,0.0,2026-09-04,08:02:07,2026-09-04T08:02:07-06:00,https://apps.grupoice.com/CenceWeb/CenceBoletinIntraDiario.jsf?init=true
Térmico,PTA Moín,0.0,2026-09-04,08:02:07,2026-09-04T08:02:07-06:00,https://apps.grupoice.com/CenceWeb/CenceBoletinIntraDiario.jsf?init=true
Térmico,Pailas,30.62,2026-09-04,08:02:07,2026-09-04T08:02:07-06:00,https://apps.grupoice.com/CenceWeb/CenceBoletinIntraDiario.jsf?init=true
Biomasa,Privada Térmico Bagazo,0.0,2026-09-04,12:50:48,2026-09-04T12:50:48-06:00,https://apps.grupoice.com/CenceWeb/CenceBoletinIntraDiario.jsf?init=true
Eólico,BOT Eólico,104.9,2026-09-04,12:50:48,2026-09-04T12:50:48-06:00,https://apps.grupoice.com/CenceWeb/CenceBoletinIntraDiario.jsf?init=true
Eólico,Distribuidoras,42.39,2026-09-04,12:50:48,2026-09-04T12:50:48-06:00,https://apps.grupoice.com/CenceWeb/CenceBoletinIntraDiario.jsf?init=true
Eólico,Privada Eólico,119.19,2026-09-04,12:50:48,2026-09-04T12:50:48-06:00,https://apps.grupoice.com/CenceWeb/CenceBoletinIntraDiario.jsf?init=true
Hídrico,Angostura,119.39,2026-09-04,12:50:48,2026-09-04T12:50:48-06:00,https://apps.grupoice.com/CenceWeb/CenceBoletinIntraDiario.jsf?init=true
Hídrico,Arenal,103.26,2026-09-04,12:50:48,2026-09-04T12:50:48-06:00,https://apps.grupoice.com/CenceWeb/CenceBoletinIntraDiario.jsf?init=true
Hídrico,BOT Hidro,96.5,2026-09-04,12:50:48,2026-09-04T12:50:48-06:00,https://apps.grupoice.com/CenceWeb/CenceBoletinIntraDiario.jsf?init=true
Hídrico,Cachí,75.42,2026-09-04,12:50:48,2026-09-04T12:50:48-06:00,https://apps.grupoice.com/CenceWeb/CenceBoletinIntraDiario.jsf?init=true
Hídrico,Cariblanco,54.72,2026-09-04,12:50:48,2026-09-04T12:50:48-06:00,https://apps.grupoice.com/CenceWeb/CenceBoletinIntraDiario.jsf?init=true
Hídrico,Dengo,118.01,2026-09-04,12:50:48,2026-09-04T12:50:48-06:00,https://apps.grupoice.com/CenceWeb/CenceBoletinIntraDiario.jsf?init=true
Hídrico,Distribuidoras,306.45,2026-09-04,12:50:48,2026-09-04T12:50:48-06:00,https://apps.grupoice.com/CenceWeb/CenceBoletinIntraDiario.jsf?init=true
Hídrico,Echandi,0.0,2026-09-04,12:50:48,2026-09-04T12:50:48-06:00,https://apps.grupoice.com/CenceWeb/CenceBoletinIntraDiario.jsf?init=true
Hídrico,El General,36.18,2026-09-04,12:50:48,2026-09-04T12:50:48-06:00,https://apps.grupoice.com/CenceWeb/CenceBoletinIntraDiario.jsf?init=true
Hídrico,Garita,0.0,2026-09-04,12:50:48,2026-09-04T12:50:48-06:00,https://apps.grupoice.com/CenceWeb/CenceBoletinIntraDiario.jsf?init=true
Hídrico,La Joya,32.43,2026-09-04,12:50:48,2026-09-04T12:50:48-06:00,https://apps.grupoice.com/CenceWeb/CenceBoletinIntraDiario.jsf?init=true
Hídrico,Peñas Blancas,35.8,2026-09-04,12:50:48,2026-09-04T12:50:48-06:00,https://apps.grupoice.com/CenceWeb/CenceBoletinIntraDiario.jsf?init=true
Hídrico,Pirrís,0.0,2026-09-04,12:50:48,2026-09-04T12:50:48-06:00,https://apps.grupoice.com/CenceWeb/CenceBoletinIntraDiario.jsf?init=true
Hídrico,Privada Hidro,53.19,2026-09-04,12:50:48,2026-09-04T12:50:48-06:00,https://apps.grupoice.com/CenceWeb/CenceBoletinIntraDiario.jsf?init=true
Hídrico,Reventazón,222.96,2026-09-04,12:50:48,2026-09-04T12:50:48-06:00,https://apps.grupoice.com/CenceWeb/CenceBoletinIntraDiario.jsf?init=true
Hídrico,Río Macho,77.37,2026-09-04,12:50:48,2026-09-04T12:50:48-06:00,https://apps.grupoice.com/CenceWeb/CenceBoletinIntraDiario.jsf?init=true
Hídrico,Sandillal,13.59,2026-09-04,12:50:48,2026-09-04T12:50:48-06:00,https://apps.grupoice.com/CenceWeb/CenceBoletinIntraDiario.jsf?init=true
Hídrico,Toro I,13.47,2026-09-04,12:50:48,2026-09-04T12:50:48-06:00,https://apps.grupoice.com/CenceWeb/CenceBoletinIntraDiario.jsf?init=true
Hídrico,Toro II,40.24,2026-09-04,12:50:48,2026-09-04T12:50:48-06:00,https://apps.grupoice.com/CenceWeb/CenceBoletinIntraDiario.jsf?init=true
Hídrico,Toro III,30.53,2026-09-04,12:50:48,2026-09-04T12:50:48-06:00,https://apps.grupoice.com/CenceWeb/CenceBoletinIntraDiario.jsf?init=true
Hídrico,Ventanas-Garita,70.6,2026-09-04,12:50:48,2026-09-04T12:50:48-06:00,https://apps.grupoice.com/CenceWeb/CenceBoletinIntraDiario.jsf?init=true
Intercambio,Intercambio Norte,-105.35,2026-09-04,12:50:48,2026-09-04T12:50:48-06:00,https://apps.grupoice.com/CenceWeb/CenceBoletinIntraDiario.jsf?init=true
Intercambio,Intercambio Sur,-0.78,2026-09-04,12:50:48,2026-09-04T12:50:48-06:00,https://apps.grupoice.com/CenceWeb/CenceBoletinIntraDiario.jsf?init=true
Solar,Otras Solar,6.92,2026-09-04,12:50:48,2026-09-04T12:50:48-06:00,https://apps.grupoice.com/CenceWeb/CenceBoletinIntraDiario.jsf?init=true
Solar,PSFV San Antonio,9.19,2026-09-04,12:50:48,2026-09-04T12:50:48-06:00,https://apps.grupoice.com/CenceWeb/CenceBoletinIntraDiario.jsf?init=true
Solar,Parque Solar Miravalles,0.26,2026-09-04,12:50:48,2026-09-04T12:50:48-06:00,https://apps.grupoice.com/CenceWeb/CenceBoletinIntraDiario.jsf?init=true
Térmico,Boca de Pozo,4.3,2026-09-04,12:50:48,2026-09-04T12:50:48-06:00,https://apps.grupoice.com/CenceWeb/CenceBoletinIntraDiario.jsf?init=true
Térmico,Garabito,46.05,2026-09-04,12:50:48,2026-09-04T12:50:48-06:00,https://apps.grupoice.com/CenceWeb/CenceBoletinIntraDiario.jsf?init=true
Térmico,Guápiles,0.0,2026-09-04,12:50:48,2026-09-04T12:50:48-06:00,https://apps.grupoice.com/CenceWeb/CenceBoletinIntraDiario.jsf?init=true
Térmico,Las Pailas II,52.34,2026-09-04,12:50:48,2026-09-04T12:50:48-06:00,https://apps.grupoice.com/CenceWeb/CenceBoletinIntraDiario.jsf?init=true
Térmico,Miravalles I,36.24,2026-09-04,12:50:48,2026-09-04T12:50:48-06:00,https://apps.grupoice.com/CenceWeb/CenceBoletinIntraDiario.jsf?init=true
Térmico,Miravalles II,44.33,2026-09-04,12:50:48,2026-09-04T12:50:48-06:00,https://apps.grupoice.com/CenceWeb/CenceBoletinIntraDiario.jsf?init=true
Térmico,Miravalles III,18.39,2026-09-04,12:50:48,2026-09-04T12:50:48-06:00,https://apps.grupoice.com/CenceWeb/CenceBoletinIntraDiario.jsf?init=true
Térmico,Moín II,0.0,2026-09-04,12:50:48,2026-09-04T12:50:48-06:00,https://apps.grupoice.com/CenceWeb/CenceBoletinIntraDiario.jsf?init=true
Térmico,Moín III,0.0,2026-09-04,12:50:48,2026-09-04T12:50:48-06:00,https://apps.grupoice.com/CenceWeb/CenceBoletinIntraDiario.jsf?init=true
Térmico,Orotina,0.0,2026-09-04,12:50:48,2026-09-04T12:50:48-06:00,https://apps.grupoice.com/CenceWeb/CenceBoletinIntraDiario.jsf?init=true
Térmico,PTA Garabito,0.0,2026-09-04,12:50:48,2026-09-04T12:50:48-06:00,https://apps.grupoice.com/CenceWeb/CenceBoletinIntraDiario.jsf?init=true
Térmico,PTA Moín,0.0,2026-09-04,12:50:48,2026-09-04T12:50:48-06:00,https://apps.grupoice.com/CenceWeb/CenceBoletinIntraDiario.jsf?init=true
Térmico,Pailas,30.7,2026-09-04,12:50:48,2026-09-04T12:50:48-06:00,https://apps.grupoice.com/CenceWeb/CenceBoletinIntraDiario.jsf?init=true
Biomasa,Privada Térmico Bagazo,0.0,2026-09-04,16:09:48,2026-09-04T16:09:48-06:00,https://apps.grupoice.com/CenceWeb/CenceBoletinIntraDiario.jsf?init=true
Eólico,BOT Eólico,67.64,2026-09-04,16:09:48,2026-09-04T16:09:48-06:00,https://apps.grupoice.com/CenceWeb/CenceBoletinIntraDiario.jsf?init=true
Eólico,Distribuidoras,32.86,2026-09-04,16:09:48,2026-09-04T16:09:48-06:00,https://apps.grupoice.com/CenceWeb/CenceBoletinIntraDiario.jsf?init=true
Eólico,Privada Eólico,91.34,2026-09-04,16:09:48,2026-09-04T16:09:48-06:00,https://apps.grupoice.com/CenceWeb/CenceBoletinIntraDiario.jsf?init=true
Hídrico,Angostura,119.97,2026-09-04,16:09:48,2026-09-04T16:09:48-06:00,https://apps.grupoice.com/CenceWeb/CenceBoletinIntraDiario.jsf?init=true
Hídrico,Arenal,103.41,2026-09-04,16:09:48,2026-09-04T16:09:48-06:00,https://apps.grupoice.com/CenceWeb/CenceBoletinIntraDiario.jsf?init=true
Hídrico,BOT Hidro,94.81,2026-09-04,16:09:48,2026-09-04T16:09:48-06:00,https://apps.grupoice.com/CenceWeb/CenceBoletinIntraDiario.jsf?init=true
Hídrico,Cachí,75.65,2026-09-04,16:09:48,2026-09-04T16:09:48-06:00,https://apps.grupoice.com/CenceWeb/CenceBoletinIntraDiario.jsf?init=true
Hídrico,Cariblanco,66.96,2026-09-04,16:09:48,2026-09-04T16:09:48-06:00,https://apps.grupoice.com/CenceWeb/CenceBoletinIntraDiario.jsf?init=true
Hídrico,Dengo,117.98,2026-09-04,16:09:48,2026-09-04T16:09:48-06:00,https://apps.grupoice.com/CenceWeb/CenceBoletinIntraDiario.jsf?init=true
Hídrico,Distribuidoras,244.69,2026-09-04,16:09:48,2026-09-04T16:09:48-06:00,https://apps.grupoice.com/CenceWeb/CenceBoletinIntraDiario.jsf?init=true
Hídrico,Echandi,0.0,2026-09-04,16:09:48,2026-09-04T16:09:48-06:00,https://apps.grupoice.com/CenceWeb/CenceBoletinIntraDiario.jsf?init=true
Hídrico,El General,31.67,2026-09-04,16:09:48,2026-09-04T16:09:48-06:00,https://apps.grupoice.com/CenceWeb/CenceBoletinIntraDiario.jsf?init=true
Hídrico,Garita,0.0,2026-09-04,16:09:48,2026-09-04T16:09:48-06:00,https://apps.grupoice.com/CenceWeb/CenceBoletinIntraDiario.jsf?init=true
Hídrico,La Joya,32.5,2026-09-04,16:09:48,2026-09-04T16:09:48-06:00,https://apps.grupoice.com/CenceWeb/CenceBoletinIntraDiario.jsf?init=true
Hídrico,Peñas Blancas,36.2,2026-09-04,16:09:48,2026-09-04T16:09:48-06:00,https://apps.grupoice.com/CenceWeb/CenceBoletinIntraDiario.jsf?init=true
Hídrico,Pirrís,0.01,2026-09-04,16:09:48,2026-09-04T16:09:48-06:00,https://apps.grupoice.com/CenceWeb/CenceBoletinIntraDiario.jsf?init=true
Hídrico,Privada Hidro,37.03,2026-09-04,16:09:48,2026-09-04T16:09:48-06:00,https://apps.grupoice.com/CenceWeb/CenceBoletinIntraDiario.jsf?init=true
Hídrico,Reventazón,271.06,2026-09-04,16:09:48,2026-09-04T16:09:48-06:00,https://apps.grupoice.com/CenceWeb/CenceBoletinIntraDiario.jsf?init=true
Hídrico,Río Macho,109.1,2026-09-04,16:09:48,2026-09-04T16:09:48-06:00,https://apps.grupoice.com/CenceWeb/CenceBoletinIntraDiario.jsf?init=true
Hídrico,Sandillal,13.58,2026-09-04,16:09:48,2026-09-04T16:09:48-06:00,https://apps.grupoice.com/CenceWeb/CenceBoletinIntraDiario.jsf?init=true
Hídrico,Toro I,13.29,2026-09-04,16:09:48,2026-09-04T16:09:48-06:00,https://apps.grupoice.com/CenceWeb/CenceBoletinIntraDiario.jsf?init=true
Hídrico,Toro II,50.89,2026-09-04,16:09:48,2026-09-04T16:09:48-06:00,https://apps.grupoice.com/CenceWeb/CenceBoletinIntraDiario.jsf?init=true
Hídrico,Toro III,37.64,2026-09-04,16:09:48,2026-09-04T16:09:48-06:00,https://apps.grupoice.com/CenceWeb/CenceBoletinIntraDiario.jsf?init=true
Hídrico,Ventanas-Garita,70.3,2026-09-04,16:09:48,2026-09-04T16:09:48-06:00,https://apps.grupoice.com/CenceWeb/CenceBoletinIntraDiario.jsf?init=true
Intercambio,Intercambio Norte,-107.12,2026-09-04,16:09:48,2026-09-04T16:09:48-06:00,https://apps.grupoice.com/CenceWeb/CenceBoletinIntraDiario.jsf?init=true
Intercambio,Intercambio Sur,-0.67,2026-09-04,16:09:48,2026-09-04T16:09:48-06:00,https://apps.grupoice.com/CenceWeb/CenceBoletinIntraDiario.jsf?init=true
Solar,Otras Solar,5.24,2026-09-04,16:09:48,2026-09-04T16:09:48-06:00,https://apps.grupoice.com/CenceWeb/CenceBoletinIntraDiario.jsf?init=true
Solar,PSFV San Antonio,6.35,2026-09-04,16:09:48,2026-09-04T16:09:48-06:00,https://apps.grupoice.com/CenceWeb/CenceBoletinIntraDiario.jsf?init=true
Solar,Parque Solar Miravalles,0.25,2026-09-04,16:09:48,2026-09-04T16:09:48-06:00,https://apps.grupoice.com/CenceWeb/CenceBoletinIntraDiario.jsf?init=true
Térmico,Boca de Pozo,4.3,2026-09-04,16:09:48,2026-09-04T16:09:48-06:00,https://apps.grupoice.com/CenceWeb/CenceBoletinIntraDiario.jsf?init=true
Térmico,Garabito,106.09,2026-09-04,16:09:48,2026-09-04T16:09:48-06:00,https://apps.grupoice.com/CenceWeb/CenceBoletinIntraDiario.jsf?init=true
Térmico,Guápiles,0.0,2026-09-04,16:09:48,2026-09-04T16:09:48-06:00,https://apps.grupoice.com/CenceWeb/CenceBoletinIntraDiario.jsf?init=true
Térmico,Las Pailas II,52.34,2026-09-04,16:09:48,2026-09-04T16:09:48-06:00,https://apps.grupoice.com/CenceWeb/CenceBoletinIntraDiario.jsf?init=true
Térmico,Miravalles I,35.99,2026-09-04,16:09:48,2026-09-04T16:09:48-06:00,https://apps.grupoice.com/CenceWeb/CenceBoletinIntraDiario.jsf?init=true
Térmico,Miravalles II,44.24,2026-09-04,16:09:48,2026-09-04T16:09:48-06:00,https://apps.grupoice.com/CenceWeb/CenceBoletinIntraDiario.jsf?init=true
Térmico,Miravalles III,18.27,2026-09-04,16:09:48,2026-09-04T16:09:48-06:00,https://apps.grupoice.com/CenceWeb/CenceBoletinIntraDiario.jsf?init=true
Térmico,Moín II,0.0,2026-09-04,16:09:48,2026-09-04T16:09:48-06:00,https://apps.grupoice.com/CenceWeb/CenceBoletinIntraDiario.jsf?init=true
Térmico,Moín III,0.0,2026-09-04,16:09:48,2026-09-04T16:09:48-06:00,https://apps.grupoice.com/CenceWeb/CenceBoletinIntraDiario.jsf?init=true
Térmico,Orotina,0.0,2026-09-04,16:09:48,2026-09-04T16:09:48-06:00,https://apps.grupoice.com/CenceWeb/CenceBoletinIntraDiario.jsf?init=true
Térmico,PTA Garabito,0.0,2026-09-04,16:09:48,2026-09-04T16:09:48-06:00,https://apps.grupoice.com/CenceWeb/CenceBoletinIntraDiario.jsf?init=true
Térmico,PTA Moín,0.0,2026-09-04,16:09:48,2026-09-04T16:09:48-06:00,https://apps.grupoice.com/CenceWeb/CenceBoletinIntraDiario.jsf?init=true
Térmico,Pailas,30.71,2026-09-04,16:09:48,2026-09-04T16:09:48-06:00,https://apps.grupoice.com/CenceWeb/CenceBoletinIntraDiario.jsf?init=true
Biomasa,Privada Térmico Bagazo,0.0,2026-09-04,21:14:56,2026-09-04T21:14:56-06:00,https://apps.grupoice.com/CenceWeb/CenceBoletinIntraDiario.jsf?init=true
Eólico,BOT Eólico,56.94,2026-09-04,21:14:56,2026-09-04T21:14:56-06:00,https://apps.grupoice.com/CenceWeb/CenceBoletinIntraDiario.jsf?init=true
Eólico,Distribuidoras,30.12,2026-09-04,21:14:56,2026-09-04T21:14:56-06:00,https://apps.grupoice.com/CenceWeb/CenceBoletinIntraDiario.jsf?init=true
Eólico,Privada Eólico,63.95,2026-09-04,21:14:56,2026-09-04T21:14:56-06:00,https://apps.grupoice.com/CenceWeb/CenceBoletinIntraDiario.jsf?init=true
Hídrico,Angostura,120.38,2026-09-04,21:14:56,2026-09-04T21:14:56-06:00,https://apps.grupoice.com/CenceWeb/CenceBoletinIntraDiario.jsf?init=true
Hídrico,Arenal,102.5,2026-09-04,21:14:56,2026-09-04T21:14:56-06:00,https://apps.grupoice.com/CenceWeb/CenceBoletinIntraDiario.jsf?init=true
Hídrico,BOT Hidro,94.68,2026-09-04,21:14:56,2026-09-04T21:14:56-06:00,https://apps.grupoice.com/CenceWeb/CenceBoletinIntraDiario.jsf?init=true
Hídrico,Cachí,75.49,2026-09-04,21:14:56,2026-09-04T21:14:56-06:00,https://apps.grupoice.com/CenceWeb/CenceBoletinIntraDiario.jsf?init=true
Hídrico,Cariblanco,54.94,2026-09-04,21:14:56,2026-09-04T21:14:56-06:00,https://apps.grupoice.com/CenceWeb/CenceBoletinIntraDiario.jsf?init=true
Hídrico,Dengo,117.65,2026-09-04,21:14:56,2026-09-04T21:14:56-06:00,https://apps.grupoice.com/CenceWeb/CenceBoletinIntraDiario.jsf?init=true
Hídrico,Distribuidoras,211.29,2026-09-04,21:14:56,2026-09-04T21:14:56-06:00,https://apps.grupoice.com/CenceWeb/CenceBoletinIntraDiario.jsf?init=true
Hídrico,Echandi,0.0,2026-09-04,21:14:56,2026-09-04T21:14:56-06:00,https://apps.grupoice.com/CenceWeb/CenceBoletinIntraDiario.jsf?init=true
Hídrico,El General,37.22,2026-09-04,21:14:56,2026-09-04T21:14:56-06:00,https://apps.grupoice.com/CenceWeb/CenceBoletinIntraDiario.jsf?init=true
Hídrico,Garita,0.0,2026-09-04,21:14:56,2026-09-04T21:14:56-06:00,https://apps.grupoice.com/CenceWeb/CenceBoletinIntraDiario.jsf?init=true
Hídrico,La Joya,32.25,2026-09-04,21:14:56,2026-09-04T21:14:56-06:00,https://apps.grupoice.com/CenceWeb/CenceBoletinIntraDiario.jsf?init=true
Hídrico,Peñas Blancas,36.19,2026-09-04,21:14:56,2026-09-04T21:14:56-06:00,https://apps.grupoice.com/CenceWeb/CenceBoletinIntraDiario.jsf?init=true
Hídrico,Pirrís,28.65,2026-09-04,21:14:56,2026-09-04T21:14:56-06:00,https://apps.grupoice.com/CenceWeb/CenceBoletinIntraDiario.jsf?init=true
Hídrico,Privada Hidro,46.35,2026-09-04,21:14:56,2026-09-04T21:14:56-06:00,https://apps.grupoice.com/CenceWeb/CenceBoletinIntraDiario.jsf?init=true
Hídrico,Reventazón,240.55,2026-09-04,21:14:56,2026-09-04T21:14:56-06:00,https://apps.grupoice.com/CenceWeb/CenceBoletinIntraDiario.jsf?init=true
Hídrico,Río Macho,43.07,2026-09-04,21:14:56,2026-09-04T21:14:56-06:00,https://apps.grupoice.com/CenceWeb/CenceBoletinIntraDiario.jsf?init=true
Hídrico,Sandillal,11.29,2026-09-04,21:14:56,2026-09-04T21:14:56-06:00,https://apps.grupoice.com/CenceWeb/CenceBoletinIntraDiario.jsf?init=true
Hídrico,Toro I,20.22,2026-09-04,21:14:56,2026-09-04T21:14:56-06:00,https://apps.grupoice.com/CenceWeb/CenceBoletinIntraDiario.jsf?init=true
Hídrico,Toro II,55.1,2026-09-04,21:14:56,2026-09-04T21:14:56-06:00,https://apps.grupoice.com/CenceWeb/CenceBoletinIntraDiario.jsf?init=true
Hídrico,Toro III,40.4,2026-09-04,21:14:56,2026-09-04T21:14:56-06:00,https://apps.grupoice.com/CenceWeb/CenceBoletinIntraDiario.jsf?init=true
Hídrico,Ventanas-Garita,70.79,2026-09-04,21:14:56,2026-09-04T21:14:56-06:00,https://apps.grupoice.com/CenceWeb/CenceBoletinIntraDiario.jsf?init=true
Intercambio,Intercambio Norte,-127.99,2026-09-04,21:14:56,2026-09-04T21:14:56-06:00,https://apps.grupoice.com/CenceWeb/CenceBoletinIntraDiario.jsf?init=true
Intercambio,Intercambio Sur,-1.03,2026-09-04,21:14:56,2026-09-04T21:14:56-06:00,https://apps.grupoice.com/CenceWeb/CenceBoletinIntraDiario.jsf?init=true
Solar,Otras Solar,0.0,2026-09-04,21:14:56,2026-09-04T21:14:56-06:00,https://apps.grupoice.com/CenceWeb/CenceBoletinIntraDiario.jsf?init=true
Solar,PSFV San Antonio,0.0,2026-09-04,21:14:56,2026-09-04T21:14:56-06:00,https://apps.grupoice.com/CenceWeb/CenceBoletinIntraDiario.jsf?init=true
Solar,Parque Solar Miravalles,0.0,2026-09-04,21:14:56,2026-09-04T21:14:56-06:00,https://apps.grupoice.com/CenceWeb/CenceBoletinIntraDiario.jsf?init=true
Térmico,Boca de Pozo,4.29,2026-09-04,21:14:56,2026-09-04T21:14:56-06:00,https://apps.grupoice.com/CenceWeb/CenceBoletinIntraDiario.jsf?init=true
Térmico,Garabito,151.67,2026-09-04,21:14:56,2026-09-04T21:14:56-06:00,https://apps.grupoice.com/CenceWeb/CenceBoletinIntraDiario.jsf?init=true
Térmico,Guápiles,0.0,2026-09-04,21:14:56,2026-09-04T21:14:56-06:00,https://apps.grupoice.com/CenceWeb/CenceBoletinIntraDiario.jsf?init=true
Térmico,Las Pailas II,52.3,2026-09-04,21:14:56,2026-09-04T21:14:56-06:00,https://apps.grupoice.com/CenceWeb/CenceBoletinIntraDiario.jsf?init=true
Térmico,Miravalles I,36.06,2026-09-04,21:14:56,2026-09-04T21:14:56-06:00,https://apps.grupoice.com/CenceWeb/CenceBoletinIntraDiario.jsf?init=true
Térmico,Miravalles II,44.13,2026-09-04,21:14:56,2026-09-04T21:14:56-06:00,https://apps.grupoice.com/CenceWeb/CenceBoletinIntraDiario.jsf?init=true
Térmico,Miravalles III,18.43,2026-09-04,21:14:56,2026-09-04T21:14:56-06:00,https://apps.grupoice.com/CenceWeb/CenceBoletinIntraDiario.jsf?init=true
Térmico,Moín II,0.0,2026-09-04,21:14:56,2026-09-04T21:14:56-06:00,https://apps.grupoice.com/CenceWeb/CenceBoletinIntraDiario.jsf?init=true
Térmico,Moín III,0.0,2026-09-04,21:14:56,2026-09-04T21:14:56-06:00,https://apps.grupoice.com/CenceWeb/CenceBoletinIntraDiario.jsf?init=true
Térmico,Orotina,0.0,2026-09-04,21:14:56,2026-09-04T21:14:56-06:00,https://apps.grupoice.com/CenceWeb/CenceBoletinIntraDiario.jsf?init=true
Térmico,PTA Garabito,0.0,2026-09-04,21:14:56,2026-09-04T21:14:56-06:00,https://apps.grupoice.com/CenceWeb/CenceBoletinIntraDiario.jsf?init=true
Térmico,PTA Moín,0.0,2026-09-04,21:14:56,2026-09-04T21:14:56-06:00,https://apps.grupoice.com/CenceWeb/CenceBoletinIntraDiario.jsf?init=true
Térmico,Pailas,30.74,2026-09-04,21:14:56,2026-09-04T21:14:56-06:00,https://apps.grupoice.com/CenceWeb/CenceBoletinIntraDiario.jsf?init=true
Biomasa,Privada Térmico Bagazo,0.0,2026-09-05,02:06:24,2026-09-05T02:06:24-06:00,https://apps.grupoice.com/CenceWeb/CenceBoletinIntraDiario.jsf?init=true
Eólico,BOT Eólico,66.01,2026-09-05,02:06:24,2026-09-05T02:06:24-06:00,https://apps.grupoice.com/CenceWeb/CenceBoletinIntraDiario.jsf?init=true
Eólico,Distribuidoras,26.44,2026-09-05,02:06:24,2026-09-05T02:06:24-06:00,https://apps.grupoice.com/CenceWeb/CenceBoletinIntraDiario.jsf?init=true
Eólico,Privada Eólico,90.49,2026-09-05,02:06:24,2026-09-05T02:06:24-06:00,https://apps.grupoice.com/CenceWeb/CenceBoletinIntraDiario.jsf?init=true
Hídrico,Angostura,105.22,2026-09-05,02:06:24,2026-09-05T02:06:24-06:00,https://apps.grupoice.com/CenceWeb/CenceBoletinIntraDiario.jsf?init=true
Hídrico,Arenal,84.22,2026-09-05,02:06:24,2026-09-05T02:06:24-06:00,https://apps.grupoice.com/CenceWeb/CenceBoletinIntraDiario.jsf?init=true
Hídrico,BOT Hidro,38.83,2026-09-05,02:06:24,2026-09-05T02:06:24-06:00,https://apps.grupoice.com/CenceWeb/CenceBoletinIntraDiario.jsf?init=true
Hídrico,Cachí,75.76,2026-09-05,02:06:24,2026-09-05T02:06:24-06:00,https://apps.grupoice.com/CenceWeb/CenceBoletinIntraDiario.jsf?init=true
Hídrico,Cariblanco,40.38,2026-09-05,02:06:24,2026-09-05T02:06:24-06:00,https://apps.grupoice.com/CenceWeb/CenceBoletinIntraDiario.jsf?init=true
Hídrico,Dengo,103.38,2026-09-05,02:06:24,2026-09-05T02:06:24-06:00,https://apps.grupoice.com/CenceWeb/CenceBoletinIntraDiario.jsf?init=true
Hídrico,Distribuidoras,148.84,2026-09-05,02:06:24,2026-09-05T02:06:24-06:00,https://apps.grupoice.com/CenceWeb/CenceBoletinIntraDiario.jsf?init=true
Hídrico,Echandi,0.0,2026-09-05,02:06:24,2026-09-05T02:06:24-06:00,https://apps.grupoice.com/CenceWeb/CenceBoletinIntraDiario.jsf?init=true
Hídrico,El General,26.39,2026-09-05,02:06:24,2026-09-05T02:06:24-06:00,https://apps.grupoice.com/CenceWeb/CenceBoletinIntraDiario.jsf?init=true
Hídrico,Garita,0.0,2026-09-05,02:06:24,2026-09-05T02:06:24-06:00,https://apps.grupoice.com/CenceWeb/CenceBoletinIntraDiario.jsf?init=true
Hídrico,La Joya,32.32,2026-09-05,02:06:24,2026-09-05T02:06:24-06:00,https://apps.grupoice.com/CenceWeb/CenceBoletinIntraDiario.jsf?init=true
Hídrico,Peñas Blancas,34.76,2026-09-05,02:06:24,2026-09-05T02:06:24-06:00,https://apps.grupoice.com/CenceWeb/CenceBoletinIntraDiario.jsf?init=true
Hídrico,Pirrís,0.0,2026-09-05,02:06:24,2026-09-05T02:06:24-06:00,https://apps.grupoice.com/CenceWeb/CenceBoletinIntraDiario.jsf?init=true
Hídrico,Privada Hidro,28.67,2026-09-05,02:06:24,2026-09-05T02:06:24-06:00,https://apps.grupoice.com/CenceWeb/CenceBoletinIntraDiario.jsf?init=true
Hídrico,Reventazón,200.51,2026-09-05,02:06:24,2026-09-05T02:06:24-06:00,https://apps.grupoice.com/CenceWeb/CenceBoletinIntraDiario.jsf?init=true
Hídrico,Río Macho,44.14,2026-09-05,02:06:24,2026-09-05T02:06:24-06:00,https://apps.grupoice.com/CenceWeb/CenceBoletinIntraDiario.jsf?init=true
Hídrico,Sandillal,11.36,2026-09-05,02:06:24,2026-09-05T02:06:24-06:00,https://apps.grupoice.com/CenceWeb/CenceBoletinIntraDiario.jsf?init=true
Hídrico,Toro I,13.01,2026-09-05,02:06:24,2026-09-05T02:06:24-06:00,https://apps.grupoice.com/CenceWeb/CenceBoletinIntraDiario.jsf?init=true
Hídrico,Toro II,32.81,2026-09-05,02:06:24,2026-09-05T02:06:24-06:00,https://apps.grupoice.com/CenceWeb/CenceBoletinIntraDiario.jsf?init=true
Hídrico,Toro III,24.32,2026-09-05,02:06:24,2026-09-05T02:06:24-06:00,https://apps.grupoice.com/CenceWeb/CenceBoletinIntraDiario.jsf?init=true
Hídrico,Ventanas-Garita,17.31,2026-09-05,02:06:24,2026-09-05T02:06:24-06:00,https://apps.grupoice.com/CenceWeb/CenceBoletinIntraDiario.jsf?init=true
Intercambio,Intercambio Norte,-117.06,2026-09-05,02:06:24,2026-09-05T02:06:24-06:00,https://apps.grupoice.com/CenceWeb/CenceBoletinIntraDiario.jsf?init=true
Intercambio,Intercambio Sur,-1.06,2026-09-05,02:06:24,2026-09-05T02:06:24-06:00,https://apps.grupoice.com/CenceWeb/CenceBoletinIntraDiario.jsf?init=true
Solar,Otras Solar,0.0,2026-09-05,02:06:24,2026-09-05T02:06:24-06:00,https://apps.grupoice.com/CenceWeb/CenceBoletinIntraDiario.jsf?init=true
Solar,PSFV San Antonio,0.0,2026-09-05,02:06:24,2026-09-05T02:06:24-06:00,https://apps.grupoice.com/CenceWeb/CenceBoletinIntraDiario.jsf?init=true
Solar,Parque Solar Miravalles,0.0,2026-09-05,02:06:24,2026-09-05T02:06:24-06:00,https://apps.grupoice.com/CenceWeb/CenceBoletinIntraDiario.jsf?init=true
Térmico,Boca de Pozo,4.3,2026-09-05,02:06:24,2026-09-05T02:06:24-06:00,https://apps.grupoice.com/CenceWeb/CenceBoletinIntraDiario.jsf?init=true
Térmico,Garabito,9.26,2026-09-05,02:06:24,2026-09-05T02:06:24-06:00,https://apps.grupoice.com/CenceWeb/CenceBoletinIntraDiario.jsf?init=true
Térmico,Guápiles,0.0,2026-09-05,02:06:24,2026-09-05T02:06:24-06:00,https://apps.grupoice.com/CenceWeb/CenceBoletinIntraDiario.jsf?init=true
Térmico,Las Pailas II,52.29,2026-09-05,02:06:24,2026-09-05T02:06:24-06:00,https://apps.grupoice.com/CenceWeb/CenceBoletinIntraDiario.jsf?init=true
Térmico,Miravalles I,36.1,2026-09-05,02:06:24,2026-09-05T02:06:24-06:00,https://apps.grupoice.com/CenceWeb/CenceBoletinIntraDiario.jsf?init=true
Térmico,Miravalles II,44.07,2026-09-05,02:06:24,2026-09-05T02:06:24-06:00,https://apps.grupoice.com/CenceWeb/CenceBoletinIntraDiario.jsf?init=true
Térmico,Miravalles III,18.46,2026-09-05,02:06:24,2026-09-05T02:06:24-06:00,https://apps.grupoice.com/CenceWeb/CenceBoletinIntraDiario.jsf?init=true
Térmico,Moín II,0.0,2026-09-05,02:06:24,2026-09-05T02:06:24-06:00,https://apps.grupoice.com/CenceWeb/CenceBoletinIntraDiario.jsf?init=true
Térmico,Moín III,0.0,2026-09-05,02:06:24,2026-09-05T02:06:24-06:00,https://apps.grupoice.com/CenceWeb/CenceBoletinIntraDiario.jsf?init=true
Térmico,Orotina,0.0,2026-09-05,02:06:24,2026-09-05T02:06:24-06:00,https://apps.grupoice.com/CenceWeb/CenceBoletinIntraDiario.jsf?init=true
Térmico,PTA Garabito,0.0,2026-09-05,02:06:24,2026-09-05T02:06:24-06:00,https://apps.grupoice.com/CenceWeb/CenceBoletinIntraDiario.jsf?init=true
Térmico,PTA Moín,0.0,2026-09-05,02:06:24,2026-09-05T02:06:24-06:00,https://apps.grupoice.com/CenceWeb/CenceBoletinIntraDiario.jsf?init=true
Térmico,Pailas,30.52,2026-09-05,02:06:24,2026-09-05T02:06:24-06:00,https://apps.grupoice.com/CenceWeb/CenceBoletinIntraDiario.jsf?init=true
Biomasa,Privada Térmico Bagazo,0.0,2026-09-05,07:16:24,2026-09-05T07:16:24-06:00,https://apps.grupoice.com/CenceWeb/CenceBoletinIntraDiario.jsf?init=true
Eólico,BOT Eólico,115.65,2026-09-05,07:16:24,2026-09-05T07:16:24-06:00,https://apps.grupoice.com/CenceWeb/CenceBoletinIntraDiario.jsf?init=true
Eólico,Distribuidoras,48.58,2026-09-05,07:16:24,2026-09-05T07:16:24-06:00,https://apps.grupoice.com/CenceWeb/CenceBoletinIntraDiario.jsf?init=true
Eólico,Privada Eólico,115.94,2026-09-05,07:16:24,2026-09-05T07:16:24-06:00,https://apps.grupoice.com/CenceWeb/CenceBoletinIntraDiario.jsf?init=true
Hídrico,Angostura,114.66,2026-09-05,07:16:24,2026-09-05T07:16:24-06:00,https://apps.grupoice.com/CenceWeb/CenceBoletinIntraDiario.jsf?init=true
Hídrico,Arenal,73.3,2026-09-05,07:16:24,2026-09-05T07:16:24-06:00,https://apps.grupoice.com/CenceWeb/CenceBoletinIntraDiario.jsf?init=true
Hídrico,BOT Hidro,42.26,2026-09-05,07:16:24,2026-09-05T07:16:24-06:00,https://apps.grupoice.com/CenceWeb/CenceBoletinIntraDiario.jsf?init=true
Hídrico,Cachí,75.7,2026-09-05,07:16:24,2026-09-05T07:16:24-06:00,https://apps.grupoice.com/CenceWeb/CenceBoletinIntraDiario.jsf?init=true
Hídrico,Cariblanco,40.79,2026-09-05,07:16:24,2026-09-05T07:16:24-06:00,https://apps.grupoice.com/CenceWeb/CenceBoletinIntraDiario.jsf?init=true
Hídrico,Dengo,89.01,2026-09-05,07:16:24,2026-09-05T07:16:24-06:00,https://apps.grupoice.com/CenceWeb/CenceBoletinIntraDiario.jsf?init=true
Hídrico,Distribuidoras,188.77,2026-09-05,07:16:24,2026-09-05T07:16:24-06:00,https://apps.grupoice.com/CenceWeb/CenceBoletinIntraDiario.jsf?init=true
Hídrico,Echandi,0.0,2026-09-05,07:16:24,2026-09-05T07:16:24-06:00,https://apps.grupoice.com/CenceWeb/CenceBoletinIntraDiario.jsf?init=true
Hídrico,El General,26.5,2026-09-05,07:16:24,2026-09-05T07:16:24-06:00,https://apps.grupoice.com/CenceWeb/CenceBoletinIntraDiario.jsf?init=true
Hídrico,Garita,0.0,2026-09-05,07:16:24,2026-09-05T07:16:24-06:00,https://apps.grupoice.com/CenceWeb/CenceBoletinIntraDiario.jsf?init=true
Hídrico,La Joya,32.69,2026-09-05,07:16:24,2026-09-05T07:16:24-06:00,https://apps.grupoice.com/CenceWeb/CenceBoletinIntraDiario.jsf?init=true
Hídrico,Peñas Blancas,35.86,2026-09-05,07:16:24,2026-09-05T07:16:24-06:00,https://apps.grupoice.com/CenceWeb/CenceBoletinIntraDiario.jsf?init=true
Hídrico,Pirrís,0.0,2026-09-05,07:16:24,2026-09-05T07:16:24-06:00,https://apps.grupoice.com/CenceWeb/CenceBoletinIntraDiario.jsf?init=true
Hídrico,Privada Hidro,36.33,2026-09-05,07:16:24,2026-09-05T07:16:24-06:00,https://apps.grupoice.com/CenceWeb/CenceBoletinIntraDiario.jsf?init=true
Hídrico,Reventazón,112.2,2026-09-05,07:16:24,2026-09-05T07:16:24-06:00,https://apps.grupoice.com/CenceWeb/CenceBoletinIntraDiario.jsf?init=true
Hídrico,Río Macho,60.41,2026-09-05,07:16:24,2026-09-05T07:16:24-06:00,https://apps.grupoice.com/CenceWeb/CenceBoletinIntraDiario.jsf?init=true
Hídrico,Sandillal,11.36,2026-09-05,07:16:24,2026-09-05T07:16:24-06:00,https://apps.grupoice.com/CenceWeb/CenceBoletinIntraDiario.jsf?init=true
Hídrico,Toro I,13.01,2026-09-05,07:16:24,2026-09-05T07:16:24-06:00,https://apps.grupoice.com/CenceWeb/CenceBoletinIntraDiario.jsf?init=true
Hídrico,Toro II,20.34,2026-09-05,07:16:24,2026-09-05T07:16:24-06:00,https://apps.grupoice.com/CenceWeb/CenceBoletinIntraDiario.jsf?init=true
Hídrico,Toro III,15.74,2026-09-05,07:16:24,2026-09-05T07:16:24-06:00,https://apps.grupoice.com/CenceWeb/CenceBoletinIntraDiario.jsf?init=true
Hídrico,Ventanas-Garita,0.0,2026-09-05,07:16:24,2026-09-05T07:16:24-06:00,https://apps.grupoice.com/CenceWeb/CenceBoletinIntraDiario.jsf?init=true
Intercambio,Intercambio Norte,-108.02,2026-09-05,07:16:24,2026-09-05T07:16:24-06:00,https://apps.grupoice.com/CenceWeb/CenceBoletinIntraDiario.jsf?init=true
Intercambio,Intercambio Sur,0.75,2026-09-05,07:16:24,2026-09-05T07:16:24-06:00,https://apps.grupoice.com/CenceWeb/CenceBoletinIntraDiario.jsf?init=true
Solar,Otras Solar,0.8,2026-09-05,07:16:24,2026-09-05T07:16:24-06:00,https://apps.grupoice.com/CenceWeb/CenceBoletinIntraDiario.jsf?init=true
Solar,PSFV San Antonio,0.97,2026-09-05,07:16:24,2026-09-05T07:16:24-06:00,https://apps.grupoice.com/CenceWeb/CenceBoletinIntraDiario.jsf?init=true
Solar,Parque Solar Miravalles,0.0,2026-09-05,07:16:24,2026-09-05T07:16:24-06:00,https://apps.grupoice.com/CenceWeb/CenceBoletinIntraDiario.jsf?init=true
Térmico,Boca de Pozo,4.3,2026-09-05,07:16:24,2026-09-05T07:16:24-06:00,https://apps.grupoice.com/CenceWeb/CenceBoletinIntraDiario.jsf?init=true
Térmico,Garabito,0.0,2026-09-05,07:16:24,2026-09-05T07:16:24-06:00,https://apps.grupoice.com/CenceWeb/CenceBoletinIntraDiario.jsf?init=true
Térmico,Guápiles,0.0,2026-09-05,07:16:24,2026-09-05T07:16:24-06:00,https://apps.grupoice.com/CenceWeb/CenceBoletinIntraDiario.jsf?init=true
Térmico,Las Pailas II,52.31,2026-09-05,07:16:24,2026-09-05T07:16:24-06:00,https://apps.grupoice.com/CenceWeb/CenceBoletinIntraDiario.jsf?init=true
Térmico,Miravalles I,36.25,2026-09-05,07:16:24,2026-09-05T07:16:24-06:00,https://apps.grupoice.com/CenceWeb/CenceBoletinIntraDiario.jsf?init=true
Térmico,Miravalles II,44.23,2026-09-05,07:16:24,2026-09-05T07:16:24-06:00,https://apps.grupoice.com/CenceWeb/CenceBoletinIntraDiario.jsf?init=true
Térmico,Miravalles III,18.4,2026-09-05,07:16:24,2026-09-05T07:16:24-06:00,https://apps.grupoice.com/CenceWeb/CenceBoletinIntraDiario.jsf?init=true
Térmico,Moín II,0.0,2026-09-05,07:16:24,2026-09-05T07:16:24-06:00,https://apps.grupoice.com/CenceWeb/CenceBoletinIntraDiario.jsf?init=true
Térmico,Moín III,0.0,2026-09-05,07:16:24,2026-09-05T07:16:24-06:00,https://apps.grupoice.com/CenceWeb/CenceBoletinIntraDiario.jsf?init=true
Térmico,Orotina,0.0,2026-09-05,07:16:24,2026-09-05T07:16:24-06:00,https://apps.grupoice.com/CenceWeb/CenceBoletinIntraDiario.jsf?init=true
Térmico,PTA Garabito,0.0,2026-09-05,07:16:24,2026-09-05T07:16:24-06:00,https://apps.grupoice.com/CenceWeb/CenceBoletinIntraDiario.jsf?init=true
Térmico,PTA Moín,0.0,2026-09-05,07:16:24,2026-09-05T07:16:24-06:00,https://apps.grupoice.com/CenceWeb/CenceBoletinIntraDiario.jsf?init=true
Térmico,Pailas,30.66,2026-09-05,07:16:24,2026-09-05T07:16:24-06:00,https://apps.grupoice.com/CenceWeb/CenceBoletinIntraDiario.jsf?init=true
Biomasa,Privada Térmico Bagazo,0.0,2026-09-05,10:33:57,2026-09-05T10:33:57-06:00,https://apps.grupoice.com/CenceWeb/CenceBoletinIntraDiario.jsf?init=true
Eólico,BOT Eólico,112.93,2026-09-05,10:33:57,2026-09-05T10:33:57-06:00,https://apps.grupoice.com/CenceWeb/CenceBoletinIntraDiario.jsf?init=true
Eólico,Distribuidoras,54.73,2026-09-05,10:33:57,2026-09-05T10:33:57-06:00,https://apps.grupoice.com/CenceWeb/CenceBoletinIntraDiario.jsf?init=true
Eólico,Privada Eólico,127.08,2026-09-05,10:33:57,2026-09-05T10:33:57-06:00,https://apps.grupoice.com/CenceWeb/CenceBoletinIntraDiario.jsf?init=true
Hídrico,Angostura,118.63,2026-09-05,10:33:57,2026-09-05T10:33:57-06:00,https://apps.grupoice.com/CenceWeb/CenceBoletinIntraDiario.jsf?init=true
Hídrico,Arenal,97.48,2026-09-05,10:33:57,2026-09-05T10:33:57-06:00,https://apps.grupoice.com/CenceWeb/CenceBoletinIntraDiario.jsf?init=true
Hídrico,BOT Hidro,44.35,2026-09-05,10:33:57,2026-09-05T10:33:57-06:00,https://apps.grupoice.com/CenceWeb/CenceBoletinIntraDiario.jsf?init=true
Hídrico,Cachí,75.54,2026-09-05,10:33:57,2026-09-05T10:33:57-06:00,https://apps.grupoice.com/CenceWeb/CenceBoletinIntraDiario.jsf?init=true
Hídrico,Cariblanco,57.2,2026-09-05,10:33:57,2026-09-05T10:33:57-06:00,https://apps.grupoice.com/CenceWeb/CenceBoletinIntraDiario.jsf?init=true
Hídrico,Dengo,113.83,2026-09-05,10:33:57,2026-09-05T10:33:57-06:00,https://apps.grupoice.com/CenceWeb/CenceBoletinIntraDiario.jsf?init=true
Hídrico,Distribuidoras,185.04,2026-09-05,10:33:57,2026-09-05T10:33:57-06:00,https://apps.grupoice.com/CenceWeb/CenceBoletinIntraDiario.jsf?init=true
Hídrico,Echandi,0.0,2026-09-05,10:33:57,2026-09-05T10:33:57-06:00,https://apps.grupoice.com/CenceWeb/CenceBoletinIntraDiario.jsf?init=true
Hídrico,El General,26.56,2026-09-05,10:33:57,2026-09-05T10:33:57-06:00,https://apps.grupoice.com/CenceWeb/CenceBoletinIntraDiario.jsf?init=true
Hídrico,Garita,0.0,2026-09-05,10:33:57,2026-09-05T10:33:57-06:00,https://apps.grupoice.com/CenceWeb/CenceBoletinIntraDiario.jsf?init=true
Hídrico,La Joya,32.8,2026-09-05,10:33:57,2026-09-05T10:33:57-06:00,https://apps.grupoice.com/CenceWeb/CenceBoletinIntraDiario.jsf?init=true
Hídrico,Peñas Blancas,35.33,2026-09-05,10:33:57,2026-09-05T10:33:57-06:00,https://apps.grupoice.com/CenceWeb/CenceBoletinIntraDiario.jsf?init=true
Hídrico,Pirrís,0.0,2026-09-05,10:33:57,2026-09-05T10:33:57-06:00,https://apps.grupoice.com/CenceWeb/CenceBoletinIntraDiario.jsf?init=true
Hídrico,Privada Hidro,53.32,2026-09-05,10:33:57,2026-09-05T10:33:57-06:00,https://apps.grupoice.com/CenceWeb/CenceBoletinIntraDiario.jsf?init=true
Hídrico,Reventazón,199.22,2026-09-05,10:33:57,2026-09-05T10:33:57-06:00,https://apps.grupoice.com/CenceWeb/CenceBoletinIntraDiario.jsf?init=true
Hídrico,Río Macho,53.19,2026-09-05,10:33:57,2026-09-05T10:33:57-06:00,https://apps.grupoice.com/CenceWeb/CenceBoletinIntraDiario.jsf?init=true
Hídrico,Sandillal,11.36,2026-09-05,10:33:57,2026-09-05T10:33:57-06:00,https://apps.grupoice.com/CenceWeb/CenceBoletinIntraDiario.jsf?init=true
Hídrico,Toro I,13.28,2026-09-05,10:33:57,2026-09-05T10:33:57-06:00,https://apps.grupoice.com/CenceWeb/CenceBoletinIntraDiario.jsf?init=true
Hídrico,Toro II,40.92,2026-09-05,10:33:57,2026-09-05T10:33:57-06:00,https://apps.grupoice.com/CenceWeb/CenceBoletinIntraDiario.jsf?init=true
Hídrico,Toro III,31.27,2026-09-05,10:33:57,2026-09-05T10:33:57-06:00,https://apps.grupoice.com/CenceWeb/CenceBoletinIntraDiario.jsf?init=true
Hídrico,Ventanas-Garita,48.39,2026-09-05,10:33:57,2026-09-05T10:33:57-06:00,https://apps.grupoice.com/CenceWeb/CenceBoletinIntraDiario.jsf?init=true
Intercambio,Intercambio Norte,-89.31,2026-09-05,10:33:57,2026-09-05T10:33:57-06:00,https://apps.grupoice.com/CenceWeb/CenceBoletinIntraDiario.jsf?init=true
Intercambio,Intercambio Sur,-1.46,2026-09-05,10:33:57,2026-09-05T10:33:57-06:00,https://apps.grupoice.com/CenceWeb/CenceBoletinIntraDiario.jsf?init=true
Solar,Otras Solar,3.84,2026-09-05,10:33:57,2026-09-05T10:33:57-06:00,https://apps.grupoice.com/CenceWeb/CenceBoletinIntraDiario.jsf?init=true
Solar,PSFV San Antonio,4.45,2026-09-05,10:33:57,2026-09-05T10:33:57-06:00,https://apps.grupoice.com/CenceWeb/CenceBoletinIntraDiario.jsf?init=true
Solar,Parque Solar Miravalles,0.12,2026-09-05,10:33:57,2026-09-05T10:33:57-06:00,https://apps.grupoice.com/CenceWeb/CenceBoletinIntraDiario.jsf?init=true
Térmico,Boca de Pozo,4.3,2026-09-05,10:33:57,2026-09-05T10:33:57-06:00,https://apps.grupoice.com/CenceWeb/CenceBoletinIntraDiario.jsf?init=true
Térmico,Garabito,68.47,2026-09-05,10:33:57,2026-09-05T10:33:57-06:00,https://apps.grupoice.com/CenceWeb/CenceBoletinIntraDiario.jsf?init=true
Térmico,Guápiles,0.0,2026-09-05,10:33:57,2026-09-05T10:33:57-06:00,https://apps.grupoice.com/CenceWeb/CenceBoletinIntraDiario.jsf?init=true
Térmico,Las Pailas II,52.29,2026-09-05,10:33:57,2026-09-05T10:33:57-06:00,https://apps.grupoice.com/CenceWeb/CenceBoletinIntraDiario.jsf?init=true
Térmico,Miravalles I,36.32,2026-09-05,10:33:57,2026-09-05T10:33:57-06:00,https://apps.grupoice.com/CenceWeb/CenceBoletinIntraDiario.jsf?init=true
Térmico,Miravalles II,44.25,2026-09-05,10:33:57,2026-09-05T10:33:57-06:00,https://apps.grupoice.com/CenceWeb/CenceBoletinIntraDiario.jsf?init=true
Térmico,Miravalles III,18.25,2026-09-05,10:33:57,2026-09-05T10:33:57-06:00,https://apps.grupoice.com/CenceWeb/CenceBoletinIntraDiario.jsf?init=true
Térmico,Moín II,0.0,2026-09-05,10:33:57,2026-09-05T10:33:57-06:00,https://apps.grupoice.com/CenceWeb/CenceBoletinIntraDiario.jsf?init=true
Térmico,Moín III,0.0,2026-09-05,10:33:57,2026-09-05T10:33:57-06:00,https://apps.grupoice.com/CenceWeb/CenceBoletinIntraDiario.jsf?init=true
Térmico,Orotina,0.0,2026-09-05,10:33:57,2026-09-05T10:33:57-06:00,https://apps.grupoice.com/CenceWeb/CenceBoletinIntraDiario.jsf?init=true
Térmico,PTA Garabito,0.0,2026-09-05,10:33:57,2026-09-05T10:33:57-06:00,https://apps.grupoice.com/CenceWeb/CenceBoletinIntraDiario.jsf?init=true
Térmico,PTA Moín,0.0,2026-09-05,10:33:57,2026-09-05T10:33:57-06:00,https://apps.grupoice.com/CenceWeb/CenceBoletinIntraDiario.jsf?init=true
Térmico,Pailas,30.61,2026-09-05,10:33:57,2026-09-05T10:33:57-06:00,https://apps.grupoice.com/CenceWeb/CenceBoletinIntraDiario.jsf?init=true
Biomasa,Privada Térmico Bagazo,0.0,2026-09-05,13:59:59,2026-09-05T13:59:59-06:00,https://apps.grupoice.com/CenceWeb/CenceBoletinIntraDiario.jsf?init=true
Eólico,BOT Eólico,97.35,2026-09-05,13:59:59,2026-09-05T13:59:59-06:00,https://apps.grupoice.com/CenceWeb/CenceBoletinIntraDiario.jsf?init=true
Eólico,Distribuidoras,57.52,2026-09-05,13:59:59,2026-09-05T13:59:59-06:00,https://apps.grupoice.com/CenceWeb/CenceBoletinIntraDiario.jsf?init=true
Eólico,Privada Eólico,104.73,2026-09-05,13:59:59,2026-09-05T13:59:59-06:00,https://apps.grupoice.com/CenceWeb/CenceBoletinIntraDiario.jsf?init=true
Hídrico,Angostura,119.66,2026-09-05,13:59:59,2026-09-05T13:59:59-06:00,https://apps.grupoice.com/CenceWeb/CenceBoletinIntraDiario.jsf?init=true
Hídrico,Arenal,90.4,2026-09-05,13:59:59,2026-09-05T13:59:59-06:00,https://apps.grupoice.com/CenceWeb/CenceBoletinIntraDiario.jsf?init=true
Hídrico,BOT Hidro,95.04,2026-09-05,13:59:59,2026-09-05T13:59:59-06:00,https://apps.grupoice.com/CenceWeb/CenceBoletinIntraDiario.jsf?init=true
Hídrico,Cachí,75.65,2026-09-05,13:59:59,2026-09-05T13:59:59-06:00,https://apps.grupoice.com/CenceWeb/CenceBoletinIntraDiario.jsf?init=true
Hídrico,Cariblanco,70.35,2026-09-05,13:59:59,2026-09-05T13:59:59-06:00,https://apps.grupoice.com/CenceWeb/CenceBoletinIntraDiario.jsf?init=true
Hídrico,Dengo,105.52,2026-09-05,13:59:59,2026-09-05T13:59:59-06:00,https://apps.grupoice.com/CenceWeb/CenceBoletinIntraDiario.jsf?init=true
Hídrico,Distribuidoras,217.77,2026-09-05,13:59:59,2026-09-05T13:59:59-06:00,https://apps.grupoice.com/CenceWeb/CenceBoletinIntraDiario.jsf?init=true
Hídrico,Echandi,0.0,2026-09-05,13:59:59,2026-09-05T13:59:59-06:00,https://apps.grupoice.com/CenceWeb/CenceBoletinIntraDiario.jsf?init=true
Hídrico,El General,26.47,2026-09-05,13:59:59,2026-09-05T13:59:59-06:00,https://apps.grupoice.com/CenceWeb/CenceBoletinIntraDiario.jsf?init=true
Hídrico,Garita,0.0,2026-09-05,13:59:59,2026-09-05T13:59:59-06:00,https://apps.grupoice.com/CenceWeb/CenceBoletinIntraDiario.jsf?init=true
Hídrico,La Joya,32.69,2026-09-05,13:59:59,2026-09-05T13:59:59-06:00,https://apps.grupoice.com/CenceWeb/CenceBoletinIntraDiario.jsf?init=true
Hídrico,Peñas Blancas,35.32,2026-09-05,13:59:59,2026-09-05T13:59:59-06:00,https://apps.grupoice.com/CenceWeb/CenceBoletinIntraDiario.jsf?init=true
Hídrico,Pirrís,0.0,2026-09-05,13:59:59,2026-09-05T13:59:59-06:00,https://apps.grupoice.com/CenceWeb/CenceBoletinIntraDiario.jsf?init=true
Hídrico,Privada Hidro,53.2,2026-09-05,13:59:59,2026-09-05T13:59:59-06:00,https://apps.grupoice.com/CenceWeb/CenceBoletinIntraDiario.jsf?init=true
Hídrico,Reventazón,214.1,2026-09-05,13:59:59,2026-09-05T13:59:59-06:00,https://apps.grupoice.com/CenceWeb/CenceBoletinIntraDiario.jsf?init=true
Hídrico,Río Macho,64.93,2026-09-05,13:59:59,2026-09-05T13:59:59-06:00,https://apps.grupoice.com/CenceWeb/CenceBoletinIntraDiario.jsf?init=true
Hídrico,Sandillal,11.36,2026-09-05,13:59:59,2026-09-05T13:59:59-06:00,https://apps.grupoice.com/CenceWeb/CenceBoletinIntraDiario.jsf?init=true
Hídrico,Toro I,13.27,2026-09-05,13:59:59,2026-09-05T13:59:59-06:00,https://apps.grupoice.com/CenceWeb/CenceBoletinIntraDiario.jsf?init=true
Hídrico,Toro II,49.66,2026-09-05,13:59:59,2026-09-05T13:59:59-06:00,https://apps.grupoice.com/CenceWeb/CenceBoletinIntraDiario.jsf?init=true
Hídrico,Toro III,36.88,2026-09-05,13:59:59,2026-09-05T13:59:59-06:00,https://apps.grupoice.com/CenceWeb/CenceBoletinIntraDiario.jsf?init=true
Hídrico,Ventanas-Garita,70.81,2026-09-05,13:59:59,2026-09-05T13:59:59-06:00,https://apps.grupoice.com/CenceWeb/CenceBoletinIntraDiario.jsf?init=true
Intercambio,Intercambio Norte,-119.65,2026-09-05,13:59:59,2026-09-05T13:59:59-06:00,https://apps.grupoice.com/CenceWeb/CenceBoletinIntraDiario.jsf?init=true
Intercambio,Intercambio Sur,-0.95,2026-09-05,13:59:59,2026-09-05T13:59:59-06:00,https://apps.grupoice.com/CenceWeb/CenceBoletinIntraDiario.jsf?init=true
Solar,Otras Solar,3.85,2026-09-05,13:59:59,2026-09-05T13:59:59-06:00,https://apps.grupoice.com/CenceWeb/CenceBoletinIntraDiario.jsf?init=true
Solar,PSFV San Antonio,7.74,2026-09-05,13:59:59,2026-09-05T13:59:59-06:00,https://apps.grupoice.com/CenceWeb/CenceBoletinIntraDiario.jsf?init=true
Solar,Parque Solar Miravalles,0.12,2026-09-05,13:59:59,2026-09-05T13:59:59-06:00,https://apps.grupoice.com/CenceWeb/CenceBoletinIntraDiario.jsf?init=true
Térmico,Boca de Pozo,0.0,2026-09-05,13:59:59,2026-09-05T13:59:59-06:00,https://apps.grupoice.com/CenceWeb/CenceBoletinIntraDiario.jsf?init=true
Térmico,Garabito,102.63,2026-09-05,13:59:59,2026-09-05T13:59:59-06:00,https://apps.grupoice.com/CenceWeb/CenceBoletinIntraDiario.jsf?init=true
Térmico,Guápiles,0.0,2026-09-05,13:59:59,2026-09-05T13:59:59-06:00,https://apps.grupoice.com/CenceWeb/CenceBoletinIntraDiario.jsf?init=true
Térmico,Las Pailas II,52.29,2026-09-05,13:59:59,2026-09-05T13:59:59-06:00,https://apps.grupoice.com/CenceWeb/CenceBoletinIntraDiario.jsf?init=true
Térmico,Miravalles I,36.23,2026-09-05,13:59:59,2026-09-05T13:59:59-06:00,https://apps.grupoice.com/CenceWeb/CenceBoletinIntraDiario.jsf?init=true
Térmico,Miravalles II,44.36,2026-09-05,13:59:59,2026-09-05T13:59:59-06:00,https://apps.grupoice.com/CenceWeb/CenceBoletinIntraDiario.jsf?init=true
Térmico,Miravalles III,18.4,2026-09-05,13:59:59,2026-09-05T13:59:59-06:00,https://apps.grupoice.com/CenceWeb/CenceBoletinIntraDiario.jsf?init=true
Térmico,Moín II,0.0,2026-09-05,13:59:59,2026-09-05T13:59:59-06:00,https://apps.grupoice.com/CenceWeb/CenceBoletinIntraDiario.jsf?init=true
Térmico,Moín III,0.0,2026-09-05,13:59:59,2026-09-05T13:59:59-06:00,https://apps.grupoice.com/CenceWeb/CenceBoletinIntraDiario.jsf?init=true
Térmico,Orotina,0.0,2026-09-05,13:59:59,2026-09-05T13:59:59-06:00,https://apps.grupoice.com/CenceWeb/CenceBoletinIntraDiario.jsf?init=true
Térmico,PTA Garabito,0.0,2026-09-05,13:59:59,2026-09-05T13:59:59-06:00,https://apps.grupoice.com/CenceWeb/CenceBoletinIntraDiario.jsf?init=true
Térmico,PTA Moín,0.0,2026-09-05,13:59:59,2026-09-05T13:59:59-06:00,https://apps.grupoice.com/CenceWeb/CenceBoletinIntraDiario.jsf?init=true
Térmico,Pailas,30.85,2026-09-05,13:59:59,2026-09-05T13:59:59-06:00,https://apps.grupoice.com/CenceWeb/CenceBoletinIntraDiario.jsf?init=true
Biomasa,Privada Térmico Bagazo,0.0,2026-09-05,16:01:54,2026-09-05T16:01:54-06:00,https://apps.grupoice.com/CenceWeb/CenceBoletinIntraDiario.jsf?init=true
Eólico,BOT Eólico,72.19,2026-09-05,16:01:54,2026-09-05T16:01:54-06:00,https://apps.grupoice.com/CenceWeb/CenceBoletinIntraDiario.jsf?init=true
Eólico,Distribuidoras,54.93,2026-09-05,16:01:54,2026-09-05T16:01:54-06:00,https://apps.grupoice.com/CenceWeb/CenceBoletinIntraDiario.jsf?init=true
Eólico,Privada Eólico,95.52,2026-09-05,16:01:54,2026-09-05T16:01:54-06:00,https://apps.grupoice.com/CenceWeb/CenceBoletinIntraDiario.jsf?init=true
Hídrico,Angostura,119.2,2026-09-05,16:01:54,2026-09-05T16:01:54-06:00,https://apps.grupoice.com/CenceWeb/CenceBoletinIntraDiario.jsf?init=true
Hídrico,Arenal,102.9,2026-09-05,16:01:54,2026-09-05T16:01:54-06:00,https://apps.grupoice.com/CenceWeb/CenceBoletinIntraDiario.jsf?init=true
Hídrico,BOT Hidro,95.13,2026-09-05,16:01:54,2026-09-05T16:01:54-06:00,https://apps.grupoice.com/CenceWeb/CenceBoletinIntraDiario.jsf?init=true
Hídrico,Cachí,75.57,2026-09-05,16:01:54,2026-09-05T16:01:54-06:00,https://apps.grupoice.com/CenceWeb/CenceBoletinIntraDiario.jsf?init=true
Hídrico,Cariblanco,56.01,2026-09-05,16:01:54,2026-09-05T16:01:54-06:00,https://apps.grupoice.com/CenceWeb/CenceBoletinIntraDiario.jsf?init=true
Hídrico,Dengo,117.98,2026-09-05,16:01:54,2026-09-05T16:01:54-06:00,https://apps.grupoice.com/CenceWeb/CenceBoletinIntraDiario.jsf?init=true
Hídrico,Distribuidoras,184.16,2026-09-05,16:01:54,2026-09-05T16:01:54-06:00,https://apps.grupoice.com/CenceWeb/CenceBoletinIntraDiario.jsf?init=true
Hídrico,Echandi,0.0,2026-09-05,16:01:54,2026-09-05T16:01:54-06:00,https://apps.grupoice.com/CenceWeb/CenceBoletinIntraDiario.jsf?init=true
Hídrico,El General,26.49,2026-09-05,16:01:54,2026-09-05T16:01:54-06:00,https://apps.grupoice.com/CenceWeb/CenceBoletinIntraDiario.jsf?init=true
Hídrico,Garita,0.0,2026-09-05,16:01:54,2026-09-05T16:01:54-06:00,https://apps.grupoice.com/CenceWeb/CenceBoletinIntraDiario.jsf?init=true
Hídrico,La Joya,32.25,2026-09-05,16:01:54,2026-09-05T16:01:54-06:00,https://apps.grupoice.com/CenceWeb/CenceBoletinIntraDiario.jsf?init=true
Hídrico,Peñas Blancas,35.24,2026-09-05,16:01:54,2026-09-05T16:01:54-06:00,https://apps.grupoice.com/CenceWeb/CenceBoletinIntraDiario.jsf?init=true
Hídrico,Pirrís,0.0,2026-09-05,16:01:54,2026-09-05T16:01:54-06:00,https://apps.grupoice.com/CenceWeb/CenceBoletinIntraDiario.jsf?init=true
Hídrico,Privada Hidro,45.73,2026-09-05,16:01:54,2026-09-05T16:01:54-06:00,https://apps.grupoice.com/CenceWeb/CenceBoletinIntraDiario.jsf?init=true
Hídrico,Reventazón,250.03,2026-09-05,16:01:54,2026-09-05T16:01:54-06:00,https://apps.grupoice.com/CenceWeb/CenceBoletinIntraDiario.jsf?init=true
Hídrico,Río Macho,72.1,2026-09-05,16:01:54,2026-09-05T16:01:54-06:00,https://apps.grupoice.com/CenceWeb/CenceBoletinIntraDiario.jsf?init=true
Hídrico,Sandillal,11.35,2026-09-05,16:01:54,2026-09-05T16:01:54-06:00,https://apps.grupoice.com/CenceWeb/CenceBoletinIntraDiario.jsf?init=true
Hídrico,Toro I,13.27,2026-09-05,16:01:54,2026-09-05T16:01:54-06:00,https://apps.grupoice.com/CenceWeb/CenceBoletinIntraDiario.jsf?init=true
Hídrico,Toro II,43.02,2026-09-05,16:01:54,2026-09-05T16:01:54-06:00,https://apps.grupoice.com/CenceWeb/CenceBoletinIntraDiario.jsf?init=true
Hídrico,Toro III,32.37,2026-09-05,16:01:54,2026-09-05T16:01:54-06:00,https://apps.grupoice.com/CenceWeb/CenceBoletinIntraDiario.jsf?init=true
Hídrico,Ventanas-Garita,64.5,2026-09-05,16:01:54,2026-09-05T16:01:54-06:00,https://apps.grupoice.com/CenceWeb/CenceBoletinIntraDiario.jsf?init=true
Intercambio,Intercambio Norte,-111.64,2026-09-05,16:01:54,2026-09-05T16:01:54-06:00,https://apps.grupoice.com/CenceWeb/CenceBoletinIntraDiario.jsf?init=true
Intercambio,Intercambio Sur,-3.31,2026-09-05,16:01:54,2026-09-05T16:01:54-06:00,https://apps.grupoice.com/CenceWeb/CenceBoletinIntraDiario.jsf?init=true
Solar,Otras Solar,5.04,2026-09-05,16:01:54,2026-09-05T16:01:54-06:00,https://apps.grupoice.com/CenceWeb/CenceBoletinIntraDiario.jsf?init=true
Solar,PSFV San Antonio,5.02,2026-09-05,16:01:54,2026-09-05T16:01:54-06:00,https://apps.grupoice.com/CenceWeb/CenceBoletinIntraDiario.jsf?init=true
Solar,Parque Solar Miravalles,0.08,2026-09-05,16:01:54,2026-09-05T16:01:54-06:00,https://apps.grupoice.com/CenceWeb/CenceBoletinIntraDiario.jsf?init=true
Térmico,Boca de Pozo,4.29,2026-09-05,16:01:54,2026-09-05T16:01:54-06:00,https://apps.grupoice.com/CenceWeb/CenceBoletinIntraDiario.jsf?init=true
Térmico,Garabito,70.07,2026-09-05,16:01:54,2026-09-05T16:01:54-06:00,https://apps.grupoice.com/CenceWeb/CenceBoletinIntraDiario.jsf?init=true
Térmico,Guápiles,0.0,2026-09-05,16:01:54,2026-09-05T16:01:54-06:00,https://apps.grupoice.com/CenceWeb/CenceBoletinIntraDiario.jsf?init=true
Térmico,Las Pailas II,52.31,2026-09-05,16:01:54,2026-09-05T16:01:54-06:00,https://apps.grupoice.com/CenceWeb/CenceBoletinIntraDiario.jsf?init=true
Térmico,Miravalles I,36.05,2026-09-05,16:01:54,2026-09-05T16:01:54-06:00,https://apps.grupoice.com/CenceWeb/CenceBoletinIntraDiario.jsf?init=true
Térmico,Miravalles II,44.37,2026-09-05,16:01:54,2026-09-05T16:01:54-06:00,https://apps.grupoice.com/CenceWeb/CenceBoletinIntraDiario.jsf?init=true
Térmico,Miravalles III,18.46,2026-09-05,16:01:54,2026-09-05T16:01:54-06:00,https://apps.grupoice.com/CenceWeb/CenceBoletinIntraDiario.jsf?init=true
Térmico,Moín II,0.0,2026-09-05,16:01:54,2026-09-05T16:01:54-06:00,https://apps.grupoice.com/CenceWeb/CenceBoletinIntraDiario.jsf?init=true
Térmico,Moín III,0.0,2026-09-05,16:01:54,2026-09-05T16:01:54-06:00,https://apps.grupoice.com/CenceWeb/CenceBoletinIntraDiario.jsf?init=true
Térmico,Orotina,0.0,2026-09-05,16:01:54,2026-09-05T16:01:54-06:00,https://apps.grupoice.com/CenceWeb/CenceBoletinIntraDiario.jsf?init=true
Térmico,PTA Garabito,0.0,2026-09-05,16:01:54,2026-09-05T16:01:54-06:00,https://apps.grupoice.com/CenceWeb/CenceBoletinIntraDiario.jsf?init=true
Térmico,PTA Moín,0.0,2026-09-05,16:01:54,2026-09-05T16:01:54-06:00,https://apps.grupoice.com/CenceWeb/CenceBoletinIntraDiario.jsf?init=true
Térmico,Pailas,30.68,2026-09-05,16:01:54,2026-09-05T16:01:54-06:00,https://apps.grupoice.com/CenceWeb/CenceBoletinIntraDiario.jsf?init=true
Biomasa,Privada Térmico Bagazo,0.0,2026-09-05,21:14:36,2026-09-05T21:14:36-06:00,https://apps.grupoice.com/CenceWeb/CenceBoletinIntraDiario.jsf?init=true
Eólico,BOT Eólico,83.2,2026-09-05,21:14:36,2026-09-05T21:14:36-06:00,https://apps.grupoice.com/CenceWeb/CenceBoletinIntraDiario.jsf?init=true
Eólico,Distribuidoras,44.78,2026-09-05,21:14:36,2026-09-05T21:14:36-06:00,https://apps.grupoice.com/CenceWeb/CenceBoletinIntraDiario.jsf?init=true
Eólico,Privada Eólico,84.67,2026-09-05,21:14:36,2026-09-05T21:14:36-06:00,https://apps.grupoice.com/CenceWeb/CenceBoletinIntraDiario.jsf?init=true
Hídrico,Angostura,119.31,2026-09-05,21:14:36,2026-09-05T21:14:36-06:00,https://apps.grupoice.com/CenceWeb/CenceBoletinIntraDiario.jsf?init=true
Hídrico,Arenal,102.83,2026-09-05,21:14:36,2026-09-05T21:14:36-06:00,https://apps.grupoice.com/CenceWeb/CenceBoletinIntraDiario.jsf?init=true
Hídrico,BOT Hidro,47.83,2026-09-05,21:14:36,2026-09-05T21:14:36-06:00,https://apps.grupoice.com/CenceWeb/CenceBoletinIntraDiario.jsf?init=true
Hídrico,Cachí,75.59,2026-09-05,21:14:36,2026-09-05T21:14:36-06:00,https://apps.grupoice.com/CenceWeb/CenceBoletinIntraDiario.jsf?init=true
Hídrico,Cariblanco,54.82,2026-09-05,21:14:36,2026-09-05T21:14:36-06:00,https://apps.grupoice.com/CenceWeb/CenceBoletinIntraDiario.jsf?init=true
Hídrico,Dengo,118.33,2026-09-05,21:14:36,2026-09-05T21:14:36-06:00,https://apps.grupoice.com/CenceWeb/CenceBoletinIntraDiario.jsf?init=true
Hídrico,Distribuidoras,261.32,2026-09-05,21:14:36,2026-09-05T21:14:36-06:00,https://apps.grupoice.com/CenceWeb/CenceBoletinIntraDiario.jsf?init=true
Hídrico,Echandi,0.0,2026-09-05,21:14:36,2026-09-05T21:14:36-06:00,https://apps.grupoice.com/CenceWeb/CenceBoletinIntraDiario.jsf?init=true
Hídrico,El General,26.47,2026-09-05,21:14:36,2026-09-05T21:14:36-06:00,https://apps.grupoice.com/CenceWeb/CenceBoletinIntraDiario.jsf?init=true
Hídrico,Garita,0.0,2026-09-05,21:14:36,2026-09-05T21:14:36-06:00,https://apps.grupoice.com/CenceWeb/CenceBoletinIntraDiario.jsf?init=true
Hídrico,La Joya,32.24,2026-09-05,21:14:36,2026-09-05T21:14:36-06:00,https://apps.grupoice.com/CenceWeb/CenceBoletinIntraDiario.jsf?init=true
Hídrico,Peñas Blancas,35.09,2026-09-05,21:14:36,2026-09-05T21:14:36-06:00,https://apps.grupoice.com/CenceWeb/CenceBoletinIntraDiario.jsf?init=true
Hídrico,Pirrís,7.18,2026-09-05,21:14:36,2026-09-05T21:14:36-06:00,https://apps.grupoice.com/CenceWeb/CenceBoletinIntraDiario.jsf?init=true
Hídrico,Privada Hidro,49.05,2026-09-05,21:14:36,2026-09-05T21:14:36-06:00,https://apps.grupoice.com/CenceWeb/CenceBoletinIntraDiario.jsf?init=true
Hídrico,Reventazón,215.28,2026-09-05,21:14:36,2026-09-05T21:14:36-06:00,https://apps.grupoice.com/CenceWeb/CenceBoletinIntraDiario.jsf?init=true
Hídrico,Río Macho,93.6,2026-09-05,21:14:36,2026-09-05T21:14:36-06:00,https://apps.grupoice.com/CenceWeb/CenceBoletinIntraDiario.jsf?init=true
Hídrico,Sandillal,11.29,2026-09-05,21:14:36,2026-09-05T21:14:36-06:00,https://apps.grupoice.com/CenceWeb/CenceBoletinIntraDiario.jsf?init=true
Hídrico,Toro I,13.02,2026-09-05,21:14:36,2026-09-05T21:14:36-06:00,https://apps.grupoice.com/CenceWeb/CenceBoletinIntraDiario.jsf?init=true
Hídrico,Toro II,40.96,2026-09-05,21:14:36,2026-09-05T21:14:36-06:00,https://apps.grupoice.com/CenceWeb/CenceBoletinIntraDiario.jsf?init=true
Hídrico,Toro III,30.99,2026-09-05,21:14:36,2026-09-05T21:14:36-06:00,https://apps.grupoice.com/CenceWeb/CenceBoletinIntraDiario.jsf?init=true
Hídrico,Ventanas-Garita,49.16,2026-09-05,21:14:36,2026-09-05T21:14:36-06:00,https://apps.grupoice.com/CenceWeb/CenceBoletinIntraDiario.jsf?init=true
Intercambio,Intercambio Norte,-187.6,2026-09-05,21:14:36,2026-09-05T21:14:36-06:00,https://apps.grupoice.com/CenceWeb/CenceBoletinIntraDiario.jsf?init=true
Intercambio,Intercambio Sur,6.03,2026-09-05,21:14:36,2026-09-05T21:14:36-06:00,https://apps.grupoice.com/CenceWeb/CenceBoletinIntraDiario.jsf?init=true
Solar,Otras Solar,0.0,2026-09-05,21:14:36,2026-09-05T21:14:36-06:00,https://apps.grupoice.com/CenceWeb/CenceBoletinIntraDiario.jsf?init=true
Solar,PSFV San Antonio,0.0,2026-09-05,21:14:36,2026-09-05T21:14:36-06:00,https://apps.grupoice.com/CenceWeb/CenceBoletinIntraDiario.jsf?init=true
Solar,Parque Solar Miravalles,0.0,2026-09-05,21:14:36,2026-09-05T21:14:36-06:00,https://apps.grupoice.com/CenceWeb/CenceBoletinIntraDiario.jsf?init=true
Térmico,Boca de Pozo,4.28,2026-09-05,21:14:36,2026-09-05T21:14:36-06:00,https://apps.grupoice.com/CenceWeb/CenceBoletinIntraDiario.jsf?init=true
Térmico,Garabito,156.04,2026-09-05,21:14:36,2026-09-05T21:14:36-06:00,https://apps.grupoice.com/CenceWeb/CenceBoletinIntraDiario.jsf?init=true
Térmico,Guápiles,0.0,2026-09-05,21:14:36,2026-09-05T21:14:36-06:00,https://apps.grupoice.com/CenceWeb/CenceBoletinIntraDiario.jsf?init=true
Térmico,Las Pailas II,52.34,2026-09-05,21:14:36,2026-09-05T21:14:36-06:00,https://apps.grupoice.com/CenceWeb/CenceBoletinIntraDiario.jsf?init=true
Térmico,Miravalles I,36.19,2026-09-05,21:14:36,2026-09-05T21:14:36-06:00,https://apps.grupoice.com/CenceWeb/CenceBoletinIntraDiario.jsf?init=true
Térmico,Miravalles II,44.27,2026-09-05,21:14:36,2026-09-05T21:14:36-06:00,https://apps.grupoice.com/CenceWeb/CenceBoletinIntraDiario.jsf?init=true
Térmico,Miravalles III,18.25,2026-09-05,21:14:36,2026-09-05T21:14:36-06:00,https://apps.grupoice.com/CenceWeb/CenceBoletinIntraDiario.jsf?init=true
Térmico,Moín II,0.0,2026-09-05,21:14:36,2026-09-05T21:14:36-06:00,https://apps.grupoice.com/CenceWeb/CenceBoletinIntraDiario.jsf?init=true
Térmico,Moín III,0.0,2026-09-05,21:14:36,2026-09-05T21:14:36-06:00,https://apps.grupoice.com/CenceWeb/CenceBoletinIntraDiario.jsf?init=true
Térmico,Orotina,0.0,2026-09-05,21:14:36,2026-09-05T21:14:36-06:00,https://apps.grupoice.com/CenceWeb/CenceBoletinIntraDiario.jsf?init=true
Térmico,PTA Garabito,0.0,2026-09-05,21:14:36,2026-09-05T21:14:36-06:00,https://apps.grupoice.com/CenceWeb/CenceBoletinIntraDiario.jsf?init=true
Térmico,PTA Moín,0.0,2026-09-05,21:14:36,2026-09-05T21:14:36-06:00,https://apps.grupoice.com/CenceWeb/CenceBoletinIntraDiario.jsf?init=true
Térmico,Pailas,30.79,2026-09-05,21:14:36,2026-09-05T21:14:36-06:00,https://apps.grupoice.com/CenceWeb/CenceBoletinIntraDiario.jsf?init=true
Biomasa,Privada Térmico Bagazo,0.0,2026-09-06,02:24:58,2026-09-06T02:24:58-06:00,https://apps.grupoice.com/CenceWeb/CenceBoletinIntraDiario.jsf?init=true
Eólico,BOT Eólico,97.34,2026-09-06,02:24:58,2026-09-06T02:24:58-06:00,https://apps.grupoice.com/CenceWeb/CenceBoletinIntraDiario.jsf?init=true
Eólico,Distribuidoras,39.75,2026-09-06,02:24:58,2026-09-06T02:24:58-06:00,https://apps.grupoice.com/CenceWeb/CenceBoletinIntraDiario.jsf?init=true
Eólico,Privada Eólico,96.38,2026-09-06,02:24:58,2026-09-06T02:24:58-06:00,https://apps.grupoice.com/CenceWeb/CenceBoletinIntraDiario.jsf?init=true
Hídrico,Angostura,86.23,2026-09-06,02:24:58,2026-09-06T02:24:58-06:00,https://apps.grupoice.com/CenceWeb/CenceBoletinIntraDiario.jsf?init=true
Hídrico,Arenal,73.47,2026-09-06,02:24:58,2026-09-06T02:24:58-06:00,https://apps.grupoice.com/CenceWeb/CenceBoletinIntraDiario.jsf?init=true
Hídrico,BOT Hidro,30.99,2026-09-06,02:24:58,2026-09-06T02:24:58-06:00,https://apps.grupoice.com/CenceWeb/CenceBoletinIntraDiario.jsf?init=true
Hídrico,Cachí,73.07,2026-09-06,02:24:58,2026-09-06T02:24:58-06:00,https://apps.grupoice.com/CenceWeb/CenceBoletinIntraDiario.jsf?init=true
Hídrico,Cariblanco,35.46,2026-09-06,02:24:58,2026-09-06T02:24:58-06:00,https://apps.grupoice.com/CenceWeb/CenceBoletinIntraDiario.jsf?init=true
Hídrico,Dengo,88.68,2026-09-06,02:24:58,2026-09-06T02:24:58-06:00,https://apps.grupoice.com/CenceWeb/CenceBoletinIntraDiario.jsf?init=true
Hídrico,Distribuidoras,176.74,2026-09-06,02:24:58,2026-09-06T02:24:58-06:00,https://apps.grupoice.com/CenceWeb/CenceBoletinIntraDiario.jsf?init=true
Hídrico,Echandi,0.0,2026-09-06,02:24:58,2026-09-06T02:24:58-06:00,https://apps.grupoice.com/CenceWeb/CenceBoletinIntraDiario.jsf?init=true
Hídrico,El General,39.99,2026-09-06,02:24:58,2026-09-06T02:24:58-06:00,https://apps.grupoice.com/CenceWeb/CenceBoletinIntraDiario.jsf?init=true
Hídrico,Garita,0.0,2026-09-06,02:24:58,2026-09-06T02:24:58-06:00,https://apps.grupoice.com/CenceWeb/CenceBoletinIntraDiario.jsf?init=true
Hídrico,La Joya,32.15,2026-09-06,02:24:58,2026-09-06T02:24:58-06:00,https://apps.grupoice.com/CenceWeb/CenceBoletinIntraDiario.jsf?init=true
Hídrico,Peñas Blancas,12.04,2026-09-06,02:24:58,2026-09-06T02:24:58-06:00,https://apps.grupoice.com/CenceWeb/CenceBoletinIntraDiario.jsf?init=true
Hídrico,Pirrís,0.0,2026-09-06,02:24:58,2026-09-06T02:24:58-06:00,https://apps.grupoice.com/CenceWeb/CenceBoletinIntraDiario.jsf?init=true
Hídrico,Privada Hidro,16.59,2026-09-06,02:24:58,2026-09-06T02:24:58-06:00,https://apps.grupoice.com/CenceWeb/CenceBoletinIntraDiario.jsf?init=true
Hídrico,Reventazón,72.54,2026-09-06,02:24:58,2026-09-06T02:24:58-06:00,https://apps.grupoice.com/CenceWeb/CenceBoletinIntraDiario.jsf?init=true
Hídrico,Río Macho,83.71,2026-09-06,02:24:58,2026-09-06T02:24:58-06:00,https://apps.grupoice.com/CenceWeb/CenceBoletinIntraDiario.jsf?init=true
Hídrico,Sandillal,12.29,2026-09-06,02:24:58,2026-09-06T02:24:58-06:00,https://apps.grupoice.com/CenceWeb/CenceBoletinIntraDiario.jsf?init=true
Hídrico,Toro I,11.05,2026-09-06,02:24:58,2026-09-06T02:24:58-06:00,https://apps.grupoice.com/CenceWeb/CenceBoletinIntraDiario.jsf?init=true
Hídrico,Toro II,28.83,2026-09-06,02:24:58,2026-09-06T02:24:58-06:00,https://apps.grupoice.com/CenceWeb/CenceBoletinIntraDiario.jsf?init=true
Hídrico,Toro III,21.71,2026-09-06,02:24:58,2026-09-06T02:24:58-06:00,https://apps.grupoice.com/CenceWeb/CenceBoletinIntraDiario.jsf?init=true
Hídrico,Ventanas-Garita,17.6,2026-09-06,02:24:58,2026-09-06T02:24:58-06:00,https://apps.grupoice.com/CenceWeb/CenceBoletinIntraDiario.jsf?init=true
Intercambio,Intercambio Norte,-123.64,2026-09-06,02:24:58,2026-09-06T02:24:58-06:00,https://apps.grupoice.com/CenceWeb/CenceBoletinIntraDiario.jsf?init=true
Intercambio,Intercambio Sur,1.25,2026-09-06,02:24:58,2026-09-06T02:24:58-06:00,https://apps.grupoice.com/CenceWeb/CenceBoletinIntraDiario.jsf?init=true
Solar,Otras Solar,0.0,2026-09-06,02:24:58,2026-09-06T02:24:58-06:00,https://apps.grupoice.com/CenceWeb/CenceBoletinIntraDiario.jsf?init=true
Solar,PSFV San Antonio,0.0,2026-09-06,02:24:58,2026-09-06T02:24:58-06:00,https://apps.grupoice.com/CenceWeb/CenceBoletinIntraDiario.jsf?init=true
Solar,Parque Solar Miravalles,0.0,2026-09-06,02:24:58,2026-09-06T02:24:58-06:00,https://apps.grupoice.com/CenceWeb/CenceBoletinIntraDiario.jsf?init=true
Térmico,Boca de Pozo,4.28,2026-09-06,02:24:58,2026-09-06T02:24:58-06:00,https://apps.grupoice.com/CenceWeb/CenceBoletinIntraDiario.jsf?init=true
Térmico,Garabito,0.0,2026-09-06,02:24:58,2026-09-06T02:24:58-06:00,https://apps.grupoice.com/CenceWeb/CenceBoletinIntraDiario.jsf?init=true
Térmico,Guápiles,0.0,2026-09-06,02:24:58,2026-09-06T02:24:58-06:00,https://apps.grupoice.com/CenceWeb/CenceBoletinIntraDiario.jsf?init=true
Térmico,Las Pailas II,52.31,2026-09-06,02:24:58,2026-09-06T02:24:58-06:00,https://apps.grupoice.com/CenceWeb/CenceBoletinIntraDiario.jsf?init=true
Térmico,Miravalles I,36.04,2026-09-06,02:24:58,2026-09-06T02:24:58-06:00,https://apps.grupoice.com/CenceWeb/CenceBoletinIntraDiario.jsf?init=true
Térmico,Miravalles II,43.96,2026-09-06,02:24:58,2026-09-06T02:24:58-06:00,https://apps.grupoice.com/CenceWeb/CenceBoletinIntraDiario.jsf?init=true
Térmico,Miravalles III,18.15,2026-09-06,02:24:58,2026-09-06T02:24:58-06:00,https://apps.grupoice.com/CenceWeb/CenceBoletinIntraDiario.jsf?init=true
Térmico,Moín II,0.0,2026-09-06,02:24:58,2026-09-06T02:24:58-06:00,https://apps.grupoice.com/CenceWeb/CenceBoletinIntraDiario.jsf?init=true
Térmico,Moín III,0.0,2026-09-06,02:24:58,2026-09-06T02:24:58-06:00,https://apps.grupoice.com/CenceWeb/CenceBoletinIntraDiario.jsf?init=true
Térmico,Orotina,0.0,2026-09-06,02:24:58,2026-09-06T02:24:58-06:00,https://apps.grupoice.com/CenceWeb/CenceBoletinIntraDiario.jsf?init=true
Térmico,PTA Garabito,0.0,2026-09-06,02:24:58,2026-09-06T02:24:58-06:00,https://apps.grupoice.com/CenceWeb/CenceBoletinIntraDiario.jsf?init=true
Térmico,PTA Moín,0.0,2026-09-06,02:24:58,2026-09-06T02:24:58-06:00,https://apps.grupoice.com/CenceWeb/CenceBoletinIntraDiario.jsf?init=true
Térmico,Pailas,30.66,2026-09-06,02:24:58,2026-09-06T02:24:58-06:00,https://apps.grupoice.com/CenceWeb/CenceBoletinIntraDiario.jsf?init=true
Biomasa,Privada Térmico Bagazo,0.0,2026-09-06,07:25:42,2026-09-06T07:25:42-06:00,https://apps.grupoice.com/CenceWeb/CenceBoletinIntraDiario.jsf?init=true
Eólico,BOT Eólico,85.61,2026-09-06,07:25:42,2026-09-06T07:25:42-06:00,https://apps.grupoice.com/CenceWeb/CenceBoletinIntraDiario.jsf?init=true
Eólico,Distribuidoras,48.01,2026-09-06,07:25:42,2026-09-06T07:25:42-06:00,https://apps.grupoice.com/CenceWeb/CenceBoletinIntraDiario.jsf?init=true
Eólico,Privada Eólico,93.34,2026-09-06,07:25:42,2026-09-06T07:25:42-06:00,https://apps.grupoice.com/CenceWeb/CenceBoletinIntraDiario.jsf?init=true
Hídrico,Angostura,83.46,2026-09-06,07:25:42,2026-09-06T07:25:42-06:00,https://apps.grupoice.com/CenceWeb/CenceBoletinIntraDiario.jsf?init=true
Hídrico,Arenal,83.61,2026-09-06,07:25:42,2026-09-06T07:25:42-06:00,https://apps.grupoice.com/CenceWeb/CenceBoletinIntraDiario.jsf?init=true
Hídrico,BOT Hidro,29.4,2026-09-06,07:25:42,2026-09-06T07:25:42-06:00,https://apps.grupoice.com/CenceWeb/CenceBoletinIntraDiario.jsf?init=true
Hídrico,Cachí,61.85,2026-09-06,07:25:42,2026-09-06T07:25:42-06:00,https://apps.grupoice.com/CenceWeb/CenceBoletinIntraDiario.jsf?init=true
Hídrico,Cariblanco,40.27,2026-09-06,07:25:42,2026-09-06T07:25:42-06:00,https://apps.grupoice.com/CenceWeb/CenceBoletinIntraDiario.jsf?init=true
Hídrico,Dengo,98.99,2026-09-06,07:25:42,2026-09-06T07:25:42-06:00,https://apps.grupoice.com/CenceWeb/CenceBoletinIntraDiario.jsf?init=true
Hídrico,Distribuidoras,188.34,2026-09-06,07:25:42,2026-09-06T07:25:42-06:00,https://apps.grupoice.com/CenceWeb/CenceBoletinIntraDiario.jsf?init=true
Hídrico,Echandi,0.0,2026-09-06,07:25:42,2026-09-06T07:25:42-06:00,https://apps.grupoice.com/CenceWeb/CenceBoletinIntraDiario.jsf?init=true
Hídrico,El General,30.47,2026-09-06,07:25:42,2026-09-06T07:25:42-06:00,https://apps.grupoice.com/CenceWeb/CenceBoletinIntraDiario.jsf?init=true
Hídrico,Garita,0.0,2026-09-06,07:25:42,2026-09-06T07:25:42-06:00,https://apps.grupoice.com/CenceWeb/CenceBoletinIntraDiario.jsf?init=true
Hídrico,La Joya,23.71,2026-09-06,07:25:42,2026-09-06T07:25:42-06:00,https://apps.grupoice.com/CenceWeb/CenceBoletinIntraDiario.jsf?init=true
Hídrico,Peñas Blancas,18.63,2026-09-06,07:25:42,2026-09-06T07:25:42-06:00,https://apps.grupoice.com/CenceWeb/CenceBoletinIntraDiario.jsf?init=true
Hídrico,Pirrís,0.0,2026-09-06,07:25:42,2026-09-06T07:25:42-06:00,https://apps.grupoice.com/CenceWeb/CenceBoletinIntraDiario.jsf?init=true
Hídrico,Privada Hidro,36.19,2026-09-06,07:25:42,2026-09-06T07:25:42-06:00,https://apps.grupoice.com/CenceWeb/CenceBoletinIntraDiario.jsf?init=true
Hídrico,Reventazón,52.32,2026-09-06,07:25:42,2026-09-06T07:25:42-06:00,https://apps.grupoice.com/CenceWeb/CenceBoletinIntraDiario.jsf?init=true
Hídrico,Río Macho,66.09,2026-09-06,07:25:42,2026-09-06T07:25:42-06:00,https://apps.grupoice.com/CenceWeb/CenceBoletinIntraDiario.jsf?init=true
Hídrico,Sandillal,12.55,2026-09-06,07:25:42,2026-09-06T07:25:42-06:00,https://apps.grupoice.com/CenceWeb/CenceBoletinIntraDiario.jsf?init=true
Hídrico,Toro I,11.26,2026-09-06,07:25:42,2026-09-06T07:25:42-06:00,https://apps.grupoice.com/CenceWeb/CenceBoletinIntraDiario.jsf?init=true
Hídrico,Toro II,20.69,2026-09-06,07:25:42,2026-09-06T07:25:42-06:00,https://apps.grupoice.com/CenceWeb/CenceBoletinIntraDiario.jsf?init=true
Hídrico,Toro III,15.84,2026-09-06,07:25:42,2026-09-06T07:25:42-06:00,https://apps.grupoice.com/CenceWeb/CenceBoletinIntraDiario.jsf?init=true
Hídrico,Ventanas-Garita,0.0,2026-09-06,07:25:42,2026-09-06T07:25:42-06:00,https://apps.grupoice.com/CenceWeb/CenceBoletinIntraDiario.jsf?init=true
Intercambio,Intercambio Norte,-119.38,2026-09-06,07:25:42,2026-09-06T07:25:42-06:00,https://apps.grupoice.com/CenceWeb/CenceBoletinIntraDiario.jsf?init=true
Intercambio,Intercambio Sur,-0.79,2026-09-06,07:25:42,2026-09-06T07:25:42-06:00,https://apps.grupoice.com/CenceWeb/CenceBoletinIntraDiario.jsf?init=true
Solar,Otras Solar,1.43,2026-09-06,07:25:42,2026-09-06T07:25:42-06:00,https://apps.grupoice.com/CenceWeb/CenceBoletinIntraDiario.jsf?init=true
Solar,PSFV San Antonio,1.45,2026-09-06,07:25:42,2026-09-06T07:25:42-06:00,https://apps.grupoice.com/CenceWeb/CenceBoletinIntraDiario.jsf?init=true
Solar,Parque Solar Miravalles,0.02,2026-09-06,07:25:42,2026-09-06T07:25:42-06:00,https://apps.grupoice.com/CenceWeb/CenceBoletinIntraDiario.jsf?init=true
Térmico,Boca de Pozo,4.28,2026-09-06,07:25:42,2026-09-06T07:25:42-06:00,https://apps.grupoice.com/CenceWeb/CenceBoletinIntraDiario.jsf?init=true
Térmico,Garabito,0.0,2026-09-06,07:25:42,2026-09-06T07:25:42-06:00,https://apps.grupoice.com/CenceWeb/CenceBoletinIntraDiario.jsf?init=true
Térmico,Guápiles,0.0,2026-09-06,07:25:42,2026-09-06T07:25:42-06:00,https://apps.grupoice.com/CenceWeb/CenceBoletinIntraDiario.jsf?init=true
Térmico,Las Pailas II,52.31,2026-09-06,07:25:42,2026-09-06T07:25:42-06:00,https://apps.grupoice.com/CenceWeb/CenceBoletinIntraDiario.jsf?init=true
Térmico,Miravalles I,36.15,2026-09-06,07:25:42,2026-09-06T07:25:42-06:00,https://apps.grupoice.com/CenceWeb/CenceBoletinIntraDiario.jsf?init=true
Térmico,Miravalles II,44.17,2026-09-06,07:25:42,2026-09-06T07:25:42-06:00,https://apps.grupoice.com/CenceWeb/CenceBoletinIntraDiario.jsf?init=true
Térmico,Miravalles III,18.16,2026-09-06,07:25:42,2026-09-06T07:25:42-06:00,https://apps.grupoice.com/CenceWeb/CenceBoletinIntraDiario.jsf?init=true
Térmico,Moín II,0.0,2026-09-06,07:25:42,2026-09-06T07:25:42-06:00,https://apps.grupoice.com/CenceWeb/CenceBoletinIntraDiario.jsf?init=true
Térmico,Moín III,0.0,2026-09-06,07:25:42,2026-09-06T07:25:42-06:00,https://apps.grupoice.com/CenceWeb/CenceBoletinIntraDiario.jsf?init=true
Térmico,Orotina,0.0,2026-09-06,07:25:42,2026-09-06T07:25:42-06:00,https://apps.grupoice.com/CenceWeb/CenceBoletinIntraDiario.jsf?init=true
Térmico,PTA Garabito,0.0,2026-09-06,07:25:42,2026-09-06T07:25:42-06:00,https://apps.grupoice.com/CenceWeb/CenceBoletinIntraDiario.jsf?init=true
Térmico,PTA Moín,0.0,2026-09-06,07:25:42,2026-09-06T07:25:42-06:00,https://apps.grupoice.com/CenceWeb/CenceBoletinIntraDiario.jsf?init=true
Térmico,Pailas,30.74,2026-09-06,07:25:42,2026-09-06T07:25:42-06:00,https://apps.grupoice.com/CenceWeb/CenceBoletinIntraDiario.jsf?init=true
Biomasa,Privada Térmico Bagazo,0.0,2026-09-06,10:43:51,2026-09-06T10:43:51-06:00,https://apps.grupoice.com/CenceWeb/CenceBoletinIntraDiario.jsf?init=true
Eólico,BOT Eólico,100.84,2026-09-06,10:43:51,2026-09-06T10:43:51-06:00,https://apps.grupoice.com/CenceWeb/CenceBoletinIntraDiario.jsf?init=true
Eólico,Distribuidoras,55.83,2026-09-06,10:43:51,2026-09-06T10:43:51-06:00,https://apps.grupoice.com/CenceWeb/CenceBoletinIntraDiario.jsf?init=true
Eólico,Privada Eólico,122.97,2026-09-06,10:43:51,2026-09-06T10:43:51-06:00,https://apps.grupoice.com/CenceWeb/CenceBoletinIntraDiario.jsf?init=true
Hídrico,Angostura,116.36,2026-09-06,10:43:51,2026-09-06T10:43:51-06:00,https://apps.grupoice.com/CenceWeb/CenceBoletinIntraDiario.jsf?init=true
Hídrico,Arenal,86.99,2026-09-06,10:43:51,2026-09-06T10:43:51-06:00,https://apps.grupoice.com/CenceWeb/CenceBoletinIntraDiario.jsf?init=true
Hídrico,BOT Hidro,43.53,2026-09-06,10:43:51,2026-09-06T10:43:51-06:00,https://apps.grupoice.com/CenceWeb/CenceBoletinIntraDiario.jsf?init=true
Hídrico,Cachí,75.49,2026-09-06,10:43:51,2026-09-06T10:43:51-06:00,https://apps.grupoice.com/CenceWeb/CenceBoletinIntraDiario.jsf?init=true
Hídrico,Cariblanco,69.74,2026-09-06,10:43:51,2026-09-06T10:43:51-06:00,https://apps.grupoice.com/CenceWeb/CenceBoletinIntraDiario.jsf?init=true
Hídrico,Dengo,102.24,2026-09-06,10:43:51,2026-09-06T10:43:51-06:00,https://apps.grupoice.com/CenceWeb/CenceBoletinIntraDiario.jsf?init=true
Hídrico,Distribuidoras,183.12,2026-09-06,10:43:51,2026-09-06T10:43:51-06:00,https://apps.grupoice.com/CenceWeb/CenceBoletinIntraDiario.jsf?init=true
Hídrico,Echandi,0.0,2026-09-06,10:43:51,2026-09-06T10:43:51-06:00,https://apps.grupoice.com/CenceWeb/CenceBoletinIntraDiario.jsf?init=true
Hídrico,El General,29.99,2026-09-06,10:43:51,2026-09-06T10:43:51-06:00,https://apps.grupoice.com/CenceWeb/CenceBoletinIntraDiario.jsf?init=true
Hídrico,Garita,0.0,2026-09-06,10:43:51,2026-09-06T10:43:51-06:00,https://apps.grupoice.com/CenceWeb/CenceBoletinIntraDiario.jsf?init=true
Hídrico,La Joya,32.96,2026-09-06,10:43:51,2026-09-06T10:43:51-06:00,https://apps.grupoice.com/CenceWeb/CenceBoletinIntraDiario.jsf?init=true
Hídrico,Peñas Blancas,31.29,2026-09-06,10:43:51,2026-09-06T10:43:51-06:00,https://apps.grupoice.com/CenceWeb/CenceBoletinIntraDiario.jsf?init=true
Hídrico,Pirrís,0.0,2026-09-06,10:43:51,2026-09-06T10:43:51-06:00,https://apps.grupoice.com/CenceWeb/CenceBoletinIntraDiario.jsf?init=true
Hídrico,Privada Hidro,53.18,2026-09-06,10:43:51,2026-09-06T10:43:51-06:00,https://apps.grupoice.com/CenceWeb/CenceBoletinIntraDiario.jsf?init=true
Hídrico,Reventazón,77.6,2026-09-06,10:43:51,2026-09-06T10:43:51-06:00,https://apps.grupoice.com/CenceWeb/CenceBoletinIntraDiario.jsf?init=true
Hídrico,Río Macho,71.87,2026-09-06,10:43:51,2026-09-06T10:43:51-06:00,https://apps.grupoice.com/CenceWeb/CenceBoletinIntraDiario.jsf?init=true
Hídrico,Sandillal,12.52,2026-09-06,10:43:51,2026-09-06T10:43:51-06:00,https://apps.grupoice.com/CenceWeb/CenceBoletinIntraDiario.jsf?init=true
Hídrico,Toro I,12.96,2026-09-06,10:43:51,2026-09-06T10:43:51-06:00,https://apps.grupoice.com/CenceWeb/CenceBoletinIntraDiario.jsf?init=true
Hídrico,Toro II,40.37,2026-09-06,10:43:51,2026-09-06T10:43:51-06:00,https://apps.grupoice.com/CenceWeb/CenceBoletinIntraDiario.jsf?init=true
Hídrico,Toro III,30.31,2026-09-06,10:43:51,2026-09-06T10:43:51-06:00,https://apps.grupoice.com/CenceWeb/CenceBoletinIntraDiario.jsf?init=true
Hídrico,Ventanas-Garita,49.36,2026-09-06,10:43:51,2026-09-06T10:43:51-06:00,https://apps.grupoice.com/CenceWeb/CenceBoletinIntraDiario.jsf?init=true
Intercambio,Intercambio Norte,-91.23,2026-09-06,10:43:51,2026-09-06T10:43:51-06:00,https://apps.grupoice.com/CenceWeb/CenceBoletinIntraDiario.jsf?init=true
Intercambio,Intercambio Sur,-6.57,2026-09-06,10:43:51,2026-09-06T10:43:51-06:00,https://apps.grupoice.com/CenceWeb/CenceBoletinIntraDiario.jsf?init=true
Solar,Otras Solar,7.13,2026-09-06,10:43:51,2026-09-06T10:43:51-06:00,https://apps.grupoice.com/CenceWeb/CenceBoletinIntraDiario.jsf?init=true
Solar,PSFV San Antonio,8.21,2026-09-06,10:43:51,2026-09-06T10:43:51-06:00,https://apps.grupoice.com/CenceWeb/CenceBoletinIntraDiario.jsf?init=true
Solar,Parque Solar Miravalles,0.07,2026-09-06,10:43:51,2026-09-06T10:43:51-06:00,https://apps.grupoice.com/CenceWeb/CenceBoletinIntraDiario.jsf?init=true
Térmico,Boca de Pozo,4.28,2026-09-06,10:43:51,2026-09-06T10:43:51-06:00,https://apps.grupoice.com/CenceWeb/CenceBoletinIntraDiario.jsf?init=true
Térmico,Garabito,0.0,2026-09-06,10:43:51,2026-09-06T10:43:51-06:00,https://apps.grupoice.com/CenceWeb/CenceBoletinIntraDiario.jsf?init=true
Térmico,Guápiles,0.0,2026-09-06,10:43:51,2026-09-06T10:43:51-06:00,https://apps.grupoice.com/CenceWeb/CenceBoletinIntraDiario.jsf?init=true
Térmico,Las Pailas II,52.32,2026-09-06,10:43:51,2026-09-06T10:43:51-06:00,https://apps.grupoice.com/CenceWeb/CenceBoletinIntraDiario.jsf?init=true
Térmico,Miravalles I,36.01,2026-09-06,10:43:51,2026-09-06T10:43:51-06:00,https://apps.grupoice.com/CenceWeb/CenceBoletinIntraDiario.jsf?init=true
Térmico,Miravalles II,44.1,2026-09-06,10:43:51,2026-09-06T10:43:51-06:00,https://apps.grupoice.com/CenceWeb/CenceBoletinIntraDiario.jsf?init=true
Térmico,Miravalles III,18.08,2026-09-06,10:43:51,2026-09-06T10:43:51-06:00,https://apps.grupoice.com/CenceWeb/CenceBoletinIntraDiario.jsf?init=true
Térmico,Moín II,0.0,2026-09-06,10:43:51,2026-09-06T10:43:51-06:00,https://apps.grupoice.com/CenceWeb/CenceBoletinIntraDiario.jsf?init=true
Térmico,Moín III,0.0,2026-09-06,10:43:51,2026-09-06T10:43:51-06:00,https://apps.grupoice.com/CenceWeb/CenceBoletinIntraDiario.jsf?init=true
Térmico,Orotina,0.0,2026-09-06,10:43:51,2026-09-06T10:43:51-06:00,https://apps.grupoice.com/CenceWeb/CenceBoletinIntraDiario.jsf?init=true
Térmico,PTA Garabito,0.0,2026-09-06,10:43:51,2026-09-06T10:43:51-06:00,https://apps.grupoice.com/CenceWeb/CenceBoletinIntraDiario.jsf?init=true
Térmico,PTA Moín,0.0,2026-09-06,10:43:51,2026-09-06T10:43:51-06:00,https://apps.grupoice.com/CenceWeb/CenceBoletinIntraDiario.jsf?init=true
Térmico,Pailas,30.7,2026-09-06,10:43:51,2026-09-06T10:43:51-06:00,https://apps.grupoice.com/CenceWeb/CenceBoletinIntraDiario.jsf?init=true
Biomasa,Privada Térmico Bagazo,0.0,2026-09-06,14:03:54,2026-09-06T14:03:54-06:00,https://apps.grupoice.com/CenceWeb/CenceBoletinIntraDiario.jsf?init=true
Eólico,BOT Eólico,70.09,2026-09-06,14:03:54,2026-09-06T14:03:54-06:00,https://apps.grupoice.com/CenceWeb/CenceBoletinIntraDiario.jsf?init=true
Eólico,Distribuidoras,58.3,2026-09-06,14:03:54,2026-09-06T14:03:54-06:00,https://apps.grupoice.com/CenceWeb/CenceBoletinIntraDiario.jsf?init=true
Eólico,Privada Eólico,84.84,2026-09-06,14:03:54,2026-09-06T14:03:54-06:00,https://apps.grupoice.com/CenceWeb/CenceBoletinIntraDiario.jsf?init=true
Hídrico,Angostura,119.2,2026-09-06,14:03:54,2026-09-06T14:03:54-06:00,https://apps.grupoice.com/CenceWeb/CenceBoletinIntraDiario.jsf?init=true
Hídrico,Arenal,95.19,2026-09-06,14:03:54,2026-09-06T14:03:54-06:00,https://apps.grupoice.com/CenceWeb/CenceBoletinIntraDiario.jsf?init=true
Hídrico,BOT Hidro,94.81,2026-09-06,14:03:54,2026-09-06T14:03:54-06:00,https://apps.grupoice.com/CenceWeb/CenceBoletinIntraDiario.jsf?init=true
Hídrico,Cachí,75.6,2026-09-06,14:03:54,2026-09-06T14:03:54-06:00,https://apps.grupoice.com/CenceWeb/CenceBoletinIntraDiario.jsf?init=true
Hídrico,Cariblanco,56.9,2026-09-06,14:03:54,2026-09-06T14:03:54-06:00,https://apps.grupoice.com/CenceWeb/CenceBoletinIntraDiario.jsf?init=true
Hídrico,Dengo,110.71,2026-09-06,14:03:54,2026-09-06T14:03:54-06:00,https://apps.grupoice.com/CenceWeb/CenceBoletinIntraDiario.jsf?init=true
Hídrico,Distribuidoras,225.3,2026-09-06,14:03:54,2026-09-06T14:03:54-06:00,https://apps.grupoice.com/CenceWeb/CenceBoletinIntraDiario.jsf?init=true
Hídrico,Echandi,0.0,2026-09-06,14:03:54,2026-09-06T14:03:54-06:00,https://apps.grupoice.com/CenceWeb/CenceBoletinIntraDiario.jsf?init=true
Hídrico,El General,30.0,2026-09-06,14:03:54,2026-09-06T14:03:54-06:00,https://apps.grupoice.com/CenceWeb/CenceBoletinIntraDiario.jsf?init=true
Hídrico,Garita,0.0,2026-09-06,14:03:54,2026-09-06T14:03:54-06:00,https://apps.grupoice.com/CenceWeb/CenceBoletinIntraDiario.jsf?init=true
Hídrico,La Joya,33.19,2026-09-06,14:03:54,2026-09-06T14:03:54-06:00,https://apps.grupoice.com/CenceWeb/CenceBoletinIntraDiario.jsf?init=true
Hídrico,Peñas Blancas,28.84,2026-09-06,14:03:54,2026-09-06T14:03:54-06:00,https://apps.grupoice.com/CenceWeb/CenceBoletinIntraDiario.jsf?init=true
Hídrico,Pirrís,0.0,2026-09-06,14:03:54,2026-09-06T14:03:54-06:00,https://apps.grupoice.com/CenceWeb/CenceBoletinIntraDiario.jsf?init=true
Hídrico,Privada Hidro,53.27,2026-09-06,14:03:54,2026-09-06T14:03:54-06:00,https://apps.grupoice.com/CenceWeb/CenceBoletinIntraDiario.jsf?init=true
Hídrico,Reventazón,197.62,2026-09-06,14:03:54,2026-09-06T14:03:54-06:00,https://apps.grupoice.com/CenceWeb/CenceBoletinIntraDiario.jsf?init=true
Hídrico,Río Macho,78.13,2026-09-06,14:03:54,2026-09-06T14:03:54-06:00,https://apps.grupoice.com/CenceWeb/CenceBoletinIntraDiario.jsf?init=true
Hídrico,Sandillal,12.55,2026-09-06,14:03:54,2026-09-06T14:03:54-06:00,https://apps.grupoice.com/CenceWeb/CenceBoletinIntraDiario.jsf?init=true
Hídrico,Toro I,13.69,2026-09-06,14:03:54,2026-09-06T14:03:54-06:00,https://apps.grupoice.com/CenceWeb/CenceBoletinIntraDiario.jsf?init=true
Hídrico,Toro II,46.51,2026-09-06,14:03:54,2026-09-06T14:03:54-06:00,https://apps.grupoice.com/CenceWeb/CenceBoletinIntraDiario.jsf?init=true
Hídrico,Toro III,36.1,2026-09-06,14:03:54,2026-09-06T14:03:54-06:00,https://apps.grupoice.com/CenceWeb/CenceBoletinIntraDiario.jsf?init=true
Hídrico,Ventanas-Garita,79.87,2026-09-06,14:03:54,2026-09-06T14:03:54-06:00,https://apps.grupoice.com/CenceWeb/CenceBoletinIntraDiario.jsf?init=true
Intercambio,Intercambio Norte,-111.16,2026-09-06,14:03:54,2026-09-06T14:03:54-06:00,https://apps.grupoice.com/CenceWeb/CenceBoletinIntraDiario.jsf?init=true
Intercambio,Intercambio Sur,-0.63,2026-09-06,14:03:54,2026-09-06T14:03:54-06:00,https://apps.grupoice.com/CenceWeb/CenceBoletinIntraDiario.jsf?init=true
Solar,Otras Solar,6.38,2026-09-06,14:03:54,2026-09-06T14:03:54-06:00,https://apps.grupoice.com/CenceWeb/CenceBoletinIntraDiario.jsf?init=true
Solar,PSFV San Antonio,3.2,2026-09-06,14:03:54,2026-09-06T14:03:54-06:00,https://apps.grupoice.com/CenceWeb/CenceBoletinIntraDiario.jsf?init=true
Solar,Parque Solar Miravalles,0.07,2026-09-06,14:03:54,2026-09-06T14:03:54-06:00,https://apps.grupoice.com/CenceWeb/CenceBoletinIntraDiario.jsf?init=true
Térmico,Boca de Pozo,4.29,2026-09-06,14:03:54,2026-09-06T14:03:54-06:00,https://apps.grupoice.com/CenceWeb/CenceBoletinIntraDiario.jsf?init=true
Térmico,Garabito,0.0,2026-09-06,14:03:54,2026-09-06T14:03:54-06:00,https://apps.grupoice.com/CenceWeb/CenceBoletinIntraDiario.jsf?init=true
Térmico,Guápiles,0.0,2026-09-06,14:03:54,2026-09-06T14:03:54-06:00,https://apps.grupoice.com/CenceWeb/CenceBoletinIntraDiario.jsf?init=true
Térmico,Las Pailas II,52.31,2026-09-06,14:03:54,2026-09-06T14:03:54-06:00,https://apps.grupoice.com/CenceWeb/CenceBoletinIntraDiario.jsf?init=true
Térmico,Miravalles I,35.93,2026-09-06,14:03:54,2026-09-06T14:03:54-06:00,https://apps.grupoice.com/CenceWeb/CenceBoletinIntraDiario.jsf?init=true
Térmico,Miravalles II,43.92,2026-09-06,14:03:54,2026-09-06T14:03:54-06:00,https://apps.grupoice.com/CenceWeb/CenceBoletinIntraDiario.jsf?init=true
Térmico,Miravalles III,18.06,2026-09-06,14:03:54,2026-09-06T14:03:54-06:00,https://apps.grupoice.com/CenceWeb/CenceBoletinIntraDiario.jsf?init=true
Térmico,Moín II,0.0,2026-09-06,14:03:54,2026-09-06T14:03:54-06:00,https://apps.grupoice.com/CenceWeb/CenceBoletinIntraDiario.jsf?init=true
Térmico,Moín III,0.0,2026-09-06,14:03:54,2026-09-06T14:03:54-06:00,https://apps.grupoice.com/CenceWeb/CenceBoletinIntraDiario.jsf?init=true
Térmico,Orotina,0.0,2026-09-06,14:03:54,2026-09-06T14:03:54-06:00,https://apps.grupoice.com/CenceWeb/CenceBoletinIntraDiario.jsf?init=true
Térmico,PTA Garabito,0.0,2026-09-06,14:03:54,2026-09-06T14:03:54-06:00,https://apps.grupoice.com/CenceWeb/CenceBoletinIntraDiario.jsf?init=true
Térmico,PTA Moín,0.0,2026-09-06,14:03:54,2026-09-06T14:03:54-06:00,https://apps.grupoice.com/CenceWeb/CenceBoletinIntraDiario.jsf?init=true
Térmico,Pailas,30.77,2026-09-06,14:03:54,2026-09-06T14:03:54-06:00,https://apps.grupoice.com/CenceWeb/CenceBoletinIntraDiario.jsf?init=true
Biomasa,Privada Térmico Bagazo,0.0,2026-09-06,17:31:58,2026-09-06T17:31:58-06:00,https://apps.grupoice.com/CenceWeb/CenceBoletinIntraDiario.jsf?init=true
Eólico,BOT Eólico,44.17,2026-09-06,17:31:58,2026-09-06T17:31:58-06:00,https://apps.grupoice.com/CenceWeb/CenceBoletinIntraDiario.jsf?init=true
Eólico,Distribuidoras,35.08,2026-09-06,17:31:58,2026-09-06T17:31:58-06:00,https://apps.grupoice.com/CenceWeb/CenceBoletinIntraDiario.jsf?init=true
Eólico,Privada Eólico,44.3,2026-09-06,17:31:58,2026-09-06T17:31:58-06:00,https://apps.grupoice.com/CenceWeb/CenceBoletinIntraDiario.jsf?init=true
Hídrico,Angostura,119.17,2026-09-06,17:31:58,2026-09-06T17:31:58-06:00,https://apps.grupoice.com/CenceWeb/CenceBoletinIntraDiario.jsf?init=true
Hídrico,Arenal,103.1,2026-09-06,17:31:58,2026-09-06T17:31:58-06:00,https://apps.grupoice.com/CenceWeb/CenceBoletinIntraDiario.jsf?init=true
Hídrico,BOT Hidro,94.44,2026-09-06,17:31:58,2026-09-06T17:31:58-06:00,https://apps.grupoice.com/CenceWeb/CenceBoletinIntraDiario.jsf?init=true
Hídrico,Cachí,75.61,2026-09-06,17:31:58,2026-09-06T17:31:58-06:00,https://apps.grupoice.com/CenceWeb/CenceBoletinIntraDiario.jsf?init=true
Hídrico,Cariblanco,75.7,2026-09-06,17:31:58,2026-09-06T17:31:58-06:00,https://apps.grupoice.com/CenceWeb/CenceBoletinIntraDiario.jsf?init=true
Hídrico,Dengo,118.31,2026-09-06,17:31:58,2026-09-06T17:31:58-06:00,https://apps.grupoice.com/CenceWeb/CenceBoletinIntraDiario.jsf?init=true
Hídrico,Distribuidoras,199.3,2026-09-06,17:31:58,2026-09-06T17:31:58-06:00,https://apps.grupoice.com/CenceWeb/CenceBoletinIntraDiario.jsf?init=true
Hídrico,Echandi,0.0,2026-09-06,17:31:58,2026-09-06T17:31:58-06:00,https://apps.grupoice.com/CenceWeb/CenceBoletinIntraDiario.jsf?init=true
Hídrico,El General,40.09,2026-09-06,17:31:58,2026-09-06T17:31:58-06:00,https://apps.grupoice.com/CenceWeb/CenceBoletinIntraDiario.jsf?init=true
Hídrico,Garita,0.0,2026-09-06,17:31:58,2026-09-06T17:31:58-06:00,https://apps.grupoice.com/CenceWeb/CenceBoletinIntraDiario.jsf?init=true
Hídrico,La Joya,32.94,2026-09-06,17:31:58,2026-09-06T17:31:58-06:00,https://apps.grupoice.com/CenceWeb/CenceBoletinIntraDiario.jsf?init=true
Hídrico,Peñas Blancas,24.03,2026-09-06,17:31:58,2026-09-06T17:31:58-06:00,https://apps.grupoice.com/CenceWeb/CenceBoletinIntraDiario.jsf?init=true
Hídrico,Pirrís,0.0,2026-09-06,17:31:58,2026-09-06T17:31:58-06:00,https://apps.grupoice.com/CenceWeb/CenceBoletinIntraDiario.jsf?init=true
Hídrico,Privada Hidro,37.31,2026-09-06,17:31:58,2026-09-06T17:31:58-06:00,https://apps.grupoice.com/CenceWeb/CenceBoletinIntraDiario.jsf?init=true
Hídrico,Reventazón,194.43,2026-09-06,17:31:58,2026-09-06T17:31:58-06:00,https://apps.grupoice.com/CenceWeb/CenceBoletinIntraDiario.jsf?init=true
Hídrico,Río Macho,105.63,2026-09-06,17:31:58,2026-09-06T17:31:58-06:00,https://apps.grupoice.com/CenceWeb/CenceBoletinIntraDiario.jsf?init=true
Hídrico,Sandillal,12.54,2026-09-06,17:31:58,2026-09-06T17:31:58-06:00,https://apps.grupoice.com/CenceWeb/CenceBoletinIntraDiario.jsf?init=true
Hídrico,Toro I,14.06,2026-09-06,17:31:58,2026-09-06T17:31:58-06:00,https://apps.grupoice.com/CenceWeb/CenceBoletinIntraDiario.jsf?init=true
Hídrico,Toro II,54.62,2026-09-06,17:31:58,2026-09-06T17:31:58-06:00,https://apps.grupoice.com/CenceWeb/CenceBoletinIntraDiario.jsf?init=true
Hídrico,Toro III,39.91,2026-09-06,17:31:58,2026-09-06T17:31:58-06:00,https://apps.grupoice.com/CenceWeb/CenceBoletinIntraDiario.jsf?init=true
Hídrico,Ventanas-Garita,18.13,2026-09-06,17:31:58,2026-09-06T17:31:58-06:00,https://apps.grupoice.com/CenceWeb/CenceBoletinIntraDiario.jsf?init=true
Intercambio,Intercambio Norte,-111.98,2026-09-06,17:31:58,2026-09-06T17:31:58-06:00,https://apps.grupoice.com/CenceWeb/CenceBoletinIntraDiario.jsf?init=true
Intercambio,Intercambio Sur,0.68,2026-09-06,17:31:58,2026-09-06T17:31:58-06:00,https://apps.grupoice.com/CenceWeb/CenceBoletinIntraDiario.jsf?init=true
Solar,Otras Solar,1.88,2026-09-06,17:31:58,2026-09-06T17:31:58-06:00,https://apps.grupoice.com/CenceWeb/CenceBoletinIntraDiario.jsf?init=true
Solar,PSFV San Antonio,0.16,2026-09-06,17:31:58,2026-09-06T17:31:58-06:00,https://apps.grupoice.com/CenceWeb/CenceBoletinIntraDiario.jsf?init=true
Solar,Parque Solar Miravalles,0.02,2026-09-06,17:31:58,2026-09-06T17:31:58-06:00,https://apps.grupoice.com/CenceWeb/CenceBoletinIntraDiario.jsf?init=true
Térmico,Boca de Pozo,4.28,2026-09-06,17:31:58,2026-09-06T17:31:58-06:00,https://apps.grupoice.com/CenceWeb/CenceBoletinIntraDiario.jsf?init=true
Térmico,Garabito,0.0,2026-09-06,17:31:58,2026-09-06T17:31:58-06:00,https://apps.grupoice.com/CenceWeb/CenceBoletinIntraDiario.jsf?init=true
Térmico,Guápiles,0.0,2026-09-06,17:31:58,2026-09-06T17:31:58-06:00,https://apps.grupoice.com/CenceWeb/CenceBoletinIntraDiario.jsf?init=true
Térmico,Las Pailas II,52.33,2026-09-06,17:31:58,2026-09-06T17:31:58-06:00,https://apps.grupoice.com/CenceWeb/CenceBoletinIntraDiario.jsf?init=true
Térmico,Miravalles I,35.89,2026-09-06,17:31:58,2026-09-06T17:31:58-06:00,https://apps.grupoice.com/CenceWeb/CenceBoletinIntraDiario.jsf?init=true
Térmico,Miravalles II,44.02,2026-09-06,17:31:58,2026-09-06T17:31:58-06:00,https://apps.grupoice.com/CenceWeb/CenceBoletinIntraDiario.jsf?init=true
Térmico,Miravalles III,18.09,2026-09-06,17:31:58,2026-09-06T17:31:58-06:00,https://apps.grupoice.com/CenceWeb/CenceBoletinIntraDiario.jsf?init=true
Térmico,Moín II,0.0,2026-09-06,17:31:58,2026-09-06T17:31:58-06:00,https://apps.grupoice.com/CenceWeb/CenceBoletinIntraDiario.jsf?init=true
Térmico,Moín III,0.0,2026-09-06,17:31:58,2026-09-06T17:31:58-06:00,https://apps.grupoice.com/CenceWeb/CenceBoletinIntraDiario.jsf?init=true
Térmico,Orotina,0.0,2026-09-06,17:31:58,2026-09-06T17:31:58-06:00,https://apps.grupoice.com/CenceWeb/CenceBoletinIntraDiario.jsf?init=true
Térmico,PTA Garabito,0.0,2026-09-06,17:31:58,2026-09-06T17:31:58-06:00,https://apps.grupoice.com/CenceWeb/CenceBoletinIntraDiario.jsf?init=true
Térmico,PTA Moín,0.0,2026-09-06,17:31:58,2026-09-06T17:31:58-06:00,https://apps.grupoice.com/CenceWeb/CenceBoletinIntraDiario.jsf?init=true
Térmico,Pailas,30.64,2026-09-06,17:31:58,2026-09-06T17:31:58-06:00,https://apps.grupoice.com/CenceWeb/CenceBoletinIntraDiario.jsf?init=true
Biomasa,Privada Térmico Bagazo,0.0,2026-09-06,21:13:14,2026-09-06T21:13:14-06:00,https://apps.grupoice.com/CenceWeb/CenceBoletinIntraDiario.jsf?init=true
Eólico,BOT Eólico,31.94,2026-09-06,21:13:14,2026-09-06T21:13:14-06:00,https://apps.grupoice.com/CenceWeb/CenceBoletinIntraDiario.jsf?init=true
Eólico,Distribuidoras,36.71,2026-09-06,21:13:14,2026-09-06T21:13:14-06:00,https://apps.grupoice.com/CenceWeb/CenceBoletinIntraDiario.jsf?init=true
Eólico,Privada Eólico,43.27,2026-09-06,21:13:14,2026-09-06T21:13:14-06:00,https://apps.grupoice.com/CenceWeb/CenceBoletinIntraDiario.jsf?init=true
Hídrico,Angostura,119.12,2026-09-06,21:13:14,2026-09-06T21:13:14-06:00,https://apps.grupoice.com/CenceWeb/CenceBoletinIntraDiario.jsf?init=true
Hídrico,Arenal,103.02,2026-09-06,21:13:14,2026-09-06T21:13:14-06:00,https://apps.grupoice.com/CenceWeb/CenceBoletinIntraDiario.jsf?init=true
Hídrico,BOT Hidro,44.94,2026-09-06,21:13:14,2026-09-06T21:13:14-06:00,https://apps.grupoice.com/CenceWeb/CenceBoletinIntraDiario.jsf?init=true
Hídrico,Cachí,75.44,2026-09-06,21:13:14,2026-09-06T21:13:14-06:00,https://apps.grupoice.com/CenceWeb/CenceBoletinIntraDiario.jsf?init=true
Hídrico,Cariblanco,55.06,2026-09-06,21:13:14,2026-09-06T21:13:14-06:00,https://apps.grupoice.com/CenceWeb/CenceBoletinIntraDiario.jsf?init=true
Hídrico,Dengo,118.23,2026-09-06,21:13:14,2026-09-06T21:13:14-06:00,https://apps.grupoice.com/CenceWeb/CenceBoletinIntraDiario.jsf?init=true
Hídrico,Distribuidoras,298.19,2026-09-06,21:13:14,2026-09-06T21:13:14-06:00,https://apps.grupoice.com/CenceWeb/CenceBoletinIntraDiario.jsf?init=true
Hídrico,Echandi,0.0,2026-09-06,21:13:14,2026-09-06T21:13:14-06:00,https://apps.grupoice.com/CenceWeb/CenceBoletinIntraDiario.jsf?init=true
Hídrico,El General,40.15,2026-09-06,21:13:14,2026-09-06T21:13:14-06:00,https://apps.grupoice.com/CenceWeb/CenceBoletinIntraDiario.jsf?init=true
Hídrico,Garita,0.0,2026-09-06,21:13:14,2026-09-06T21:13:14-06:00,https://apps.grupoice.com/CenceWeb/CenceBoletinIntraDiario.jsf?init=true
Hídrico,La Joya,31.44,2026-09-06,21:13:14,2026-09-06T21:13:14-06:00,https://apps.grupoice.com/CenceWeb/CenceBoletinIntraDiario.jsf?init=true
Hídrico,Peñas Blancas,26.81,2026-09-06,21:13:14,2026-09-06T21:13:14-06:00,https://apps.grupoice.com/CenceWeb/CenceBoletinIntraDiario.jsf?init=true
Hídrico,Pirrís,0.0,2026-09-06,21:13:14,2026-09-06T21:13:14-06:00,https://apps.grupoice.com/CenceWeb/CenceBoletinIntraDiario.jsf?init=true
Hídrico,Privada Hidro,37.17,2026-09-06,21:13:14,2026-09-06T21:13:14-06:00,https://apps.grupoice.com/CenceWeb/CenceBoletinIntraDiario.jsf?init=true
Hídrico,Reventazón,191.04,2026-09-06,21:13:14,2026-09-06T21:13:14-06:00,https://apps.grupoice.com/CenceWeb/CenceBoletinIntraDiario.jsf?init=true
Hídrico,Río Macho,88.24,2026-09-06,21:13:14,2026-09-06T21:13:14-06:00,https://apps.grupoice.com/CenceWeb/CenceBoletinIntraDiario.jsf?init=true
Hídrico,Sandillal,13.3,2026-09-06,21:13:14,2026-09-06T21:13:14-06:00,https://apps.grupoice.com/CenceWeb/CenceBoletinIntraDiario.jsf?init=true
Hídrico,Toro I,11.06,2026-09-06,21:13:14,2026-09-06T21:13:14-06:00,https://apps.grupoice.com/CenceWeb/CenceBoletinIntraDiario.jsf?init=true
Hídrico,Toro II,40.63,2026-09-06,21:13:14,2026-09-06T21:13:14-06:00,https://apps.grupoice.com/CenceWeb/CenceBoletinIntraDiario.jsf?init=true
Hídrico,Toro III,30.74,2026-09-06,21:13:14,2026-09-06T21:13:14-06:00,https://apps.grupoice.com/CenceWeb/CenceBoletinIntraDiario.jsf?init=true
Hídrico,Ventanas-Garita,70.7,2026-09-06,21:13:14,2026-09-06T21:13:14-06:00,https://apps.grupoice.com/CenceWeb/CenceBoletinIntraDiario.jsf?init=true
Intercambio,Intercambio Norte,-143.7,2026-09-06,21:13:14,2026-09-06T21:13:14-06:00,https://apps.grupoice.com/CenceWeb/CenceBoletinIntraDiario.jsf?init=true
Intercambio,Intercambio Sur,-3.87,2026-09-06,21:13:14,2026-09-06T21:13:14-06:00,https://apps.grupoice.com/CenceWeb/CenceBoletinIntraDiario.jsf?init=true
Solar,Otras Solar,0.01,2026-09-06,21:13:14,2026-09-06T21:13:14-06:00,https://apps.grupoice.com/CenceWeb/CenceBoletinIntraDiario.jsf?init=true
Solar,PSFV San Antonio,0.01,2026-09-06,21:13:14,2026-09-06T21:13:14-06:00,https://apps.grupoice.com/CenceWeb/CenceBoletinIntraDiario.jsf?init=true
Solar,Parque Solar Miravalles,0.0,2026-09-06,21:13:14,2026-09-06T21:13:14-06:00,https://apps.grupoice.com/CenceWeb/CenceBoletinIntraDiario.jsf?init=true
Térmico,Boca de Pozo,4.29,2026-09-06,21:13:14,2026-09-06T21:13:14-06:00,https://apps.grupoice.com/CenceWeb/CenceBoletinIntraDiario.jsf?init=true
Térmico,Garabito,119.22,2026-09-06,21:13:14,2026-09-06T21:13:14-06:00,https://apps.grupoice.com/CenceWeb/CenceBoletinIntraDiario.jsf?init=true
Térmico,Guápiles,0.0,2026-09-06,21:13:14,2026-09-06T21:13:14-06:00,https://apps.grupoice.com/CenceWeb/CenceBoletinIntraDiario.jsf?init=true
Térmico,Las Pailas II,52.28,2026-09-06,21:13:14,2026-09-06T21:13:14-06:00,https://apps.grupoice.com/CenceWeb/CenceBoletinIntraDiario.jsf?init=true
Térmico,Miravalles I,35.88,2026-09-06,21:13:14,2026-09-06T21:13:14-06:00,https://apps.grupoice.com/CenceWeb/CenceBoletinIntraDiario.jsf?init=true
Térmico,Miravalles II,43.95,2026-09-06,21:13:14,2026-09-06T21:13:14-06:00,https://apps.grupoice.com/CenceWeb/CenceBoletinIntraDiario.jsf?init=true
Térmico,Miravalles III,18.1,2026-09-06,21:13:14,2026-09-06T21:13:14-06:00,https://apps.grupoice.com/CenceWeb/CenceBoletinIntraDiario.jsf?init=true
Térmico,Moín II,0.0,2026-09-06,21:13:14,2026-09-06T21:13:14-06:00,https://apps.grupoice.com/CenceWeb/CenceBoletinIntraDiario.jsf?init=true
Térmico,Moín III,0.0,2026-09-06,21:13:14,2026-09-06T21:13:14-06:00,https://apps.grupoice.com/CenceWeb/CenceBoletinIntraDiario.jsf?init=true
Térmico,Orotina,0.0,2026-09-06,21:13:14,2026-09-06T21:13:14-06:00,https://apps.grupoice.com/CenceWeb/CenceBoletinIntraDiario.jsf?init=true
Térmico,PTA Garabito,0.0,2026-09-06,21:13:14,2026-09-06T21:13:14-06:00,https://apps.grupoice.com/CenceWeb/CenceBoletinIntraDiario.jsf?init=true
Térmico,PTA Moín,0.0,2026-09-06,21:13:14,2026-09-06T21:13:14-06:00,https://apps.grupoice.com/CenceWeb/CenceBoletinIntraDiario.jsf?init=true
Térmico,Pailas,30.77,2026-09-06,21:13:14,2026-09-06T21:13:14-06:00,https://apps.grupoice.com/CenceWeb/CenceBoletinIntraDiario.jsf?init=true
Biomasa,Privada Térmico Bagazo,0.0,2026-09-07,02:59:20,2026-09-07T02:59:20-06:00,https://apps.grupoice.com/CenceWeb/CenceBoletinIntraDiario.jsf?init=true
Eólico,BOT Eólico,0.23,2026-09-07,02:59:20,2026-09-07T02:59:20-06:00,https://apps.grupoice.com/CenceWeb/CenceBoletinIntraDiario.jsf?init=true
Eólico,Distribuidoras,35.09,2026-09-07,02:59:20,2026-09-07T02:59:20-06:00,https://apps.grupoice.com/CenceWeb/CenceBoletinIntraDiario.jsf?init=true
Eólico,Privada Eólico,9.52,2026-09-07,02:59:20,2026-09-07T02:59:20-06:00,https://apps.grupoice.com/CenceWeb/CenceBoletinIntraDiario.jsf?init=true
Hídrico,Angostura,119.05,2026-09-07,02:59:20,2026-09-07T02:59:20-06:00,https://apps.grupoice.com/CenceWeb/CenceBoletinIntraDiario.jsf?init=true
Hídrico,Arenal,90.81,2026-09-07,02:59:20,2026-09-07T02:59:20-06:00,https://apps.grupoice.com/CenceWeb/CenceBoletinIntraDiario.jsf?init=true
Hídrico,BOT Hidro,44.83,2026-09-07,02:59:20,2026-09-07T02:59:20-06:00,https://apps.grupoice.com/CenceWeb/CenceBoletinIntraDiario.jsf?init=true
Hídrico,Cachí,75.86,2026-09-07,02:59:20,2026-09-07T02:59:20-06:00,https://apps.grupoice.com/CenceWeb/CenceBoletinIntraDiario.jsf?init=true
Hídrico,Cariblanco,34.32,2026-09-07,02:59:20,2026-09-07T02:59:20-06:00,https://apps.grupoice.com/CenceWeb/CenceBoletinIntraDiario.jsf?init=true
Hídrico,Dengo,106.62,2026-09-07,02:59:20,2026-09-07T02:59:20-06:00,https://apps.grupoice.com/CenceWeb/CenceBoletinIntraDiario.jsf?init=true
Hídrico,Distribuidoras,181.28,2026-09-07,02:59:20,2026-09-07T02:59:20-06:00,https://apps.grupoice.com/CenceWeb/CenceBoletinIntraDiario.jsf?init=true
Hídrico,Echandi,0.0,2026-09-07,02:59:20,2026-09-07T02:59:20-06:00,https://apps.grupoice.com/CenceWeb/CenceBoletinIntraDiario.jsf?init=true
Hídrico,El General,40.06,2026-09-07,02:59:20,2026-09-07T02:59:20-06:00,https://apps.grupoice.com/CenceWeb/CenceBoletinIntraDiario.jsf?init=true
Hídrico,Garita,0.0,2026-09-07,02:59:20,2026-09-07T02:59:20-06:00,https://apps.grupoice.com/CenceWeb/CenceBoletinIntraDiario.jsf?init=true
Hídrico,La Joya,32.81,2026-09-07,02:59:20,2026-09-07T02:59:20-06:00,https://apps.grupoice.com/CenceWeb/CenceBoletinIntraDiario.jsf?init=true
Hídrico,Peñas Blancas,26.07,2026-09-07,02:59:20,2026-09-07T02:59:20-06:00,https://apps.grupoice.com/CenceWeb/CenceBoletinIntraDiario.jsf?init=true
Hídrico,Pirrís,0.0,2026-09-07,02:59:20,2026-09-07T02:59:20-06:00,https://apps.grupoice.com/CenceWeb/CenceBoletinIntraDiario.jsf?init=true
Hídrico,Privada Hidro,28.42,2026-09-07,02:59:20,2026-09-07T02:59:20-06:00,https://apps.grupoice.com/CenceWeb/CenceBoletinIntraDiario.jsf?init=true
Hídrico,Reventazón,109.18,2026-09-07,02:59:20,2026-09-07T02:59:20-06:00,https://apps.grupoice.com/CenceWeb/CenceBoletinIntraDiario.jsf?init=true
Hídrico,Río Macho,59.39,2026-09-07,02:59:20,2026-09-07T02:59:20-06:00,https://apps.grupoice.com/CenceWeb/CenceBoletinIntraDiario.jsf?init=true
Hídrico,Sandillal,24.56,2026-09-07,02:59:20,2026-09-07T02:59:20-06:00,https://apps.grupoice.com/CenceWeb/CenceBoletinIntraDiario.jsf?init=true
Hídrico,Toro I,11.65,2026-09-07,02:59:20,2026-09-07T02:59:20-06:00,https://apps.grupoice.com/CenceWeb/CenceBoletinIntraDiario.jsf?init=true
Hídrico,Toro II,20.83,2026-09-07,02:59:20,2026-09-07T02:59:20-06:00,https://apps.grupoice.com/CenceWeb/CenceBoletinIntraDiario.jsf?init=true
Hídrico,Toro III,16.47,2026-09-07,02:59:20,2026-09-07T02:59:20-06:00,https://apps.grupoice.com/CenceWeb/CenceBoletinIntraDiario.jsf?init=true
Hídrico,Ventanas-Garita,17.49,2026-09-07,02:59:20,2026-09-07T02:59:20-06:00,https://apps.grupoice.com/CenceWeb/CenceBoletinIntraDiario.jsf?init=true
Intercambio,Intercambio Norte,-135.82,2026-09-07,02:59:20,2026-09-07T02:59:20-06:00,https://apps.grupoice.com/CenceWeb/CenceBoletinIntraDiario.jsf?init=true
Intercambio,Intercambio Sur,-0.9,2026-09-07,02:59:20,2026-09-07T02:59:20-06:00,https://apps.grupoice.com/CenceWeb/CenceBoletinIntraDiario.jsf?init=true
Solar,Otras Solar,0.01,2026-09-07,02:59:20,2026-09-07T02:59:20-06:00,https://apps.grupoice.com/CenceWeb/CenceBoletinIntraDiario.jsf?init=true
Solar,PSFV San Antonio,0.01,2026-09-07,02:59:20,2026-09-07T02:59:20-06:00,https://apps.grupoice.com/CenceWeb/CenceBoletinIntraDiario.jsf?init=true
Solar,Parque Solar Miravalles,0.0,2026-09-07,02:59:20,2026-09-07T02:59:20-06:00,https://apps.grupoice.com/CenceWeb/CenceBoletinIntraDiario.jsf?init=true
Térmico,Boca de Pozo,4.28,2026-09-07,02:59:20,2026-09-07T02:59:20-06:00,https://apps.grupoice.com/CenceWeb/CenceBoletinIntraDiario.jsf?init=true
Térmico,Garabito,17.62,2026-09-07,02:59:20,2026-09-07T02:59:20-06:00,https://apps.grupoice.com/CenceWeb/CenceBoletinIntraDiario.jsf?init=true
Térmico,Guápiles,0.0,2026-09-07,02:59:20,2026-09-07T02:59:20-06:00,https://apps.grupoice.com/CenceWeb/CenceBoletinIntraDiario.jsf?init=true
Térmico,Las Pailas II,52.3,2026-09-07,02:59:20,2026-09-07T02:59:20-06:00,https://apps.grupoice.com/CenceWeb/CenceBoletinIntraDiario.jsf?init=true
Térmico,Miravalles I,36.13,2026-09-07,02:59:20,2026-09-07T02:59:20-06:00,https://apps.grupoice.com/CenceWeb/CenceBoletinIntraDiario.jsf?init=true
Térmico,Miravalles II,44.26,2026-09-07,02:59:20,2026-09-07T02:59:20-06:00,https://apps.grupoice.com/CenceWeb/CenceBoletinIntraDiario.jsf?init=true
Térmico,Miravalles III,18.24,2026-09-07,02:59:20,2026-09-07T02:59:20-06:00,https://apps.grupoice.com/CenceWeb/CenceBoletinIntraDiario.jsf?init=true
Térmico,Moín II,0.0,2026-09-07,02:59:20,2026-09-07T02:59:20-06:00,https://apps.grupoice.com/CenceWeb/CenceBoletinIntraDiario.jsf?init=true
Térmico,Moín III,0.0,2026-09-07,02:59:20,2026-09-07T02:59:20-06:00,https://apps.grupoice.com/CenceWeb/CenceBoletinIntraDiario.jsf?init=true
Térmico,Orotina,0.0,2026-09-07,02:59:20,2026-09-07T02:59:20-06:00,https://apps.grupoice.com/CenceWeb/CenceBoletinIntraDiario.jsf?init=true
Térmico,PTA Garabito,0.0,2026-09-07,02:59:20,2026-09-07T02:59:20-06:00,https://apps.grupoice.com/CenceWeb/CenceBoletinIntraDiario.jsf?init=true
Térmico,PTA Moín,0.0,2026-09-07,02:59:20,2026-09-07T02:59:20-06:00,https://apps.grupoice.com/CenceWeb/CenceBoletinIntraDiario.jsf?init=true
Térmico,Pailas,30.64,2026-09-07,02:59:20,2026-09-07T02:59:20-06:00,https://apps.grupoice.com/CenceWeb/CenceBoletinIntraDiario.jsf?init=true
Biomasa,Privada Térmico Bagazo,0.0,2026-09-07,09:32:14,2026-09-07T09:32:14-06:00,https://apps.grupoice.com/CenceWeb/CenceBoletinIntraDiario.jsf?init=true
Eólico,BOT Eólico,65.08,2026-09-07,09:32:14,2026-09-07T09:32:14-06:00,https://apps.grupoice.com/CenceWeb/CenceBoletinIntraDiario.jsf?init=true
Eólico,Distribuidoras,38.58,2026-09-07,09:32:14,2026-09-07T09:32:14-06:00,https://apps.grupoice.com/CenceWeb/CenceBoletinIntraDiario.jsf?init=true
Eólico,Privada Eólico,75.31,2026-09-07,09:32:14,2026-09-07T09:32:14-06:00,https://apps.grupoice.com/CenceWeb/CenceBoletinIntraDiario.jsf?init=true
Hídrico,Angostura,118.06,2026-09-07,09:32:14,2026-09-07T09:32:14-06:00,https://apps.grupoice.com/CenceWeb/CenceBoletinIntraDiario.jsf?init=true
Hídrico,Arenal,103.19,2026-09-07,09:32:14,2026-09-07T09:32:14-06:00,https://apps.grupoice.com/CenceWeb/CenceBoletinIntraDiario.jsf?init=true
Hídrico,BOT Hidro,44.37,2026-09-07,09:32:14,2026-09-07T09:32:14-06:00,https://apps.grupoice.com/CenceWeb/CenceBoletinIntraDiario.jsf?init=true
Hídrico,Cachí,75.5,2026-09-07,09:32:14,2026-09-07T09:32:14-06:00,https://apps.grupoice.com/CenceWeb/CenceBoletinIntraDiario.jsf?init=true
Hídrico,Cariblanco,55.43,2026-09-07,09:32:14,2026-09-07T09:32:14-06:00,https://apps.grupoice.com/CenceWeb/CenceBoletinIntraDiario.jsf?init=true
Hídrico,Dengo,118.03,2026-09-07,09:32:14,2026-09-07T09:32:14-06:00,https://apps.grupoice.com/CenceWeb/CenceBoletinIntraDiario.jsf?init=true
Hídrico,Distribuidoras,193.88,2026-09-07,09:32:14,2026-09-07T09:32:14-06:00,https://apps.grupoice.com/CenceWeb/CenceBoletinIntraDiario.jsf?init=true
Hídrico,Echandi,0.0,2026-09-07,09:32:14,2026-09-07T09:32:14-06:00,https://apps.grupoice.com/CenceWeb/CenceBoletinIntraDiario.jsf?init=true
Hídrico,El General,18.53,2026-09-07,09:32:14,2026-09-07T09:32:14-06:00,https://apps.grupoice.com/CenceWeb/CenceBoletinIntraDiario.jsf?init=true
Hídrico,Garita,0.0,2026-09-07,09:32:14,2026-09-07T09:32:14-06:00,https://apps.grupoice.com/CenceWeb/CenceBoletinIntraDiario.jsf?init=true
Hídrico,La Joya,32.46,2026-09-07,09:32:14,2026-09-07T09:32:14-06:00,https://apps.grupoice.com/CenceWeb/CenceBoletinIntraDiario.jsf?init=true
Hídrico,Peñas Blancas,28.45,2026-09-07,09:32:14,2026-09-07T09:32:14-06:00,https://apps.grupoice.com/CenceWeb/CenceBoletinIntraDiario.jsf?init=true
Hídrico,Pirrís,0.0,2026-09-07,09:32:14,2026-09-07T09:32:14-06:00,https://apps.grupoice.com/CenceWeb/CenceBoletinIntraDiario.jsf?init=true
Hídrico,Privada Hidro,39.9,2026-09-07,09:32:14,2026-09-07T09:32:14-06:00,https://apps.grupoice.com/CenceWeb/CenceBoletinIntraDiario.jsf?init=true
Hídrico,Reventazón,213.94,2026-09-07,09:32:14,2026-09-07T09:32:14-06:00,https://apps.grupoice.com/CenceWeb/CenceBoletinIntraDiario.jsf?init=true
Hídrico,Río Macho,74.11,2026-09-07,09:32:14,2026-09-07T09:32:14-06:00,https://apps.grupoice.com/CenceWeb/CenceBoletinIntraDiario.jsf?init=true
Hídrico,Sandillal,20.3,2026-09-07,09:32:14,2026-09-07T09:32:14-06:00,https://apps.grupoice.com/CenceWeb/CenceBoletinIntraDiario.jsf?init=true
Hídrico,Toro I,12.34,2026-09-07,09:32:14,2026-09-07T09:32:14-06:00,https://apps.grupoice.com/CenceWeb/CenceBoletinIntraDiario.jsf?init=true
Hídrico,Toro II,40.39,2026-09-07,09:32:14,2026-09-07T09:32:14-06:00,https://apps.grupoice.com/CenceWeb/CenceBoletinIntraDiario.jsf?init=true
Hídrico,Toro III,30.46,2026-09-07,09:32:14,2026-09-07T09:32:14-06:00,https://apps.grupoice.com/CenceWeb/CenceBoletinIntraDiario.jsf?init=true
Hídrico,Ventanas-Garita,19.2,2026-09-07,09:32:14,2026-09-07T09:32:14-06:00,https://apps.grupoice.com/CenceWeb/CenceBoletinIntraDiario.jsf?init=true
Intercambio,Intercambio Norte,-87.18,2026-09-07,09:32:14,2026-09-07T09:32:14-06:00,https://apps.grupoice.com/CenceWeb/CenceBoletinIntraDiario.jsf?init=true
Intercambio,Intercambio Sur,1.89,2026-09-07,09:32:14,2026-09-07T09:32:14-06:00,https://apps.grupoice.com/CenceWeb/CenceBoletinIntraDiario.jsf?init=true
Solar,Otras Solar,6.33,2026-09-07,09:32:14,2026-09-07T09:32:14-06:00,https://apps.grupoice.com/CenceWeb/CenceBoletinIntraDiario.jsf?init=true
Solar,PSFV San Antonio,5.38,2026-09-07,09:32:14,2026-09-07T09:32:14-06:00,https://apps.grupoice.com/CenceWeb/CenceBoletinIntraDiario.jsf?init=true
Solar,Parque Solar Miravalles,0.17,2026-09-07,09:32:14,2026-09-07T09:32:14-06:00,https://apps.grupoice.com/CenceWeb/CenceBoletinIntraDiario.jsf?init=true
Térmico,Boca de Pozo,4.28,2026-09-07,09:32:14,2026-09-07T09:32:14-06:00,https://apps.grupoice.com/CenceWeb/CenceBoletinIntraDiario.jsf?init=true
Térmico,Garabito,134.04,2026-09-07,09:32:14,2026-09-07T09:32:14-06:00,https://apps.grupoice.com/CenceWeb/CenceBoletinIntraDiario.jsf?init=true
Térmico,Guápiles,0.0,2026-09-07,09:32:14,2026-09-07T09:32:14-06:00,https://apps.grupoice.com/CenceWeb/CenceBoletinIntraDiario.jsf?init=true
Térmico,Las Pailas II,52.29,2026-09-07,09:32:14,2026-09-07T09:32:14-06:00,https://apps.grupoice.com/CenceWeb/CenceBoletinIntraDiario.jsf?init=true
Térmico,Miravalles I,0.0,2026-09-07,09:32:14,2026-09-07T09:32:14-06:00,https://apps.grupoice.com/CenceWeb/CenceBoletinIntraDiario.jsf?init=true
Térmico,Miravalles II,44.93,2026-09-07,09:32:14,2026-09-07T09:32:14-06:00,https://apps.grupoice.com/CenceWeb/CenceBoletinIntraDiario.jsf?init=true
Térmico,Miravalles III,18.04,2026-09-07,09:32:14,2026-09-07T09:32:14-06:00,https://apps.grupoice.com/CenceWeb/CenceBoletinIntraDiario.jsf?init=true
Térmico,Moín II,0.0,2026-09-07,09:32:14,2026-09-07T09:32:14-06:00,https://apps.grupoice.com/CenceWeb/CenceBoletinIntraDiario.jsf?init=true
Térmico,Moín III,0.0,2026-09-07,09:32:14,2026-09-07T09:32:14-06:00,https://apps.grupoice.com/CenceWeb/CenceBoletinIntraDiario.jsf?init=true
Térmico,Orotina,0.0,2026-09-07,09:32:14,2026-09-07T09:32:14-06:00,https://apps.grupoice.com/CenceWeb/CenceBoletinIntraDiario.jsf?init=true
Térmico,PTA Garabito,0.0,2026-09-07,09:32:14,2026-09-07T09:32:14-06:00,https://apps.grupoice.com/CenceWeb/CenceBoletinIntraDiario.jsf?init=true
Térmico,PTA Moín,0.0,2026-09-07,09:32:14,2026-09-07T09:32:14-06:00,https://apps.grupoice.com/CenceWeb/CenceBoletinIntraDiario.jsf?init=true
Térmico,Pailas,30.85,2026-09-07,09:32:14,2026-09-07T09:32:14-06:00,https://apps.grupoice.com/CenceWeb/CenceBoletinIntraDiario.jsf?init=true
Biomasa,Privada Térmico Bagazo,0.0,2026-09-07,13:37:16,2026-09-07T13:37:16-06:00,https://apps.grupoice.com/CenceWeb/CenceBoletinIntraDiario.jsf?init=true
Eólico,BOT Eólico,104.66,2026-09-07,13:37:16,2026-09-07T13:37:16-06:00,https://apps.grupoice.com/CenceWeb/CenceBoletinIntraDiario.jsf?init=true
Eólico,Distribuidoras,47.17,2026-09-07,13:37:16,2026-09-07T13:37:16-06:00,https://apps.grupoice.com/CenceWeb/CenceBoletinIntraDiario.jsf?init=true
Eólico,Privada Eólico,106.23,2026-09-07,13:37:16,2026-09-07T13:37:16-06:00,https://apps.grupoice.com/CenceWeb/CenceBoletinIntraDiario.jsf?init=true
Hídrico,Angostura,119.7,2026-09-07,13:37:16,2026-09-07T13:37:16-06:00,https://apps.grupoice.com/CenceWeb/CenceBoletinIntraDiario.jsf?init=true
Hídrico,Arenal,98.6,2026-09-07,13:37:16,2026-09-07T13:37:16-06:00,https://apps.grupoice.com/CenceWeb/CenceBoletinIntraDiario.jsf?init=true
Hídrico,BOT Hidro,95.28,2026-09-07,13:37:16,2026-09-07T13:37:16-06:00,https://apps.grupoice.com/CenceWeb/CenceBoletinIntraDiario.jsf?init=true
Hídrico,Cachí,75.54,2026-09-07,13:37:16,2026-09-07T13:37:16-06:00,https://apps.grupoice.com/CenceWeb/CenceBoletinIntraDiario.jsf?init=true
Hídrico,Cariblanco,54.86,2026-09-07,13:37:16,2026-09-07T13:37:16-06:00,https://apps.grupoice.com/CenceWeb/CenceBoletinIntraDiario.jsf?init=true
Hídrico,Dengo,115.39,2026-09-07,13:37:16,2026-09-07T13:37:16-06:00,https://apps.grupoice.com/CenceWeb/CenceBoletinIntraDiario.jsf?init=true
Hídrico,Distribuidoras,266.67,2026-09-07,13:37:16,2026-09-07T13:37:16-06:00,https://apps.grupoice.com/CenceWeb/CenceBoletinIntraDiario.jsf?init=true
Hídrico,Echandi,0.0,2026-09-07,13:37:16,2026-09-07T13:37:16-06:00,https://apps.grupoice.com/CenceWeb/CenceBoletinIntraDiario.jsf?init=true
Hídrico,El General,19.92,2026-09-07,13:37:16,2026-09-07T13:37:16-06:00,https://apps.grupoice.com/CenceWeb/CenceBoletinIntraDiario.jsf?init=true
Hídrico,Garita,0.0,2026-09-07,13:37:16,2026-09-07T13:37:16-06:00,https://apps.grupoice.com/CenceWeb/CenceBoletinIntraDiario.jsf?init=true
Hídrico,La Joya,32.61,2026-09-07,13:37:16,2026-09-07T13:37:16-06:00,https://apps.grupoice.com/CenceWeb/CenceBoletinIntraDiario.jsf?init=true
Hídrico,Peñas Blancas,34.76,2026-09-07,13:37:16,2026-09-07T13:37:16-06:00,https://apps.grupoice.com/CenceWeb/CenceBoletinIntraDiario.jsf?init=true
Hídrico,Pirrís,0.0,2026-09-07,13:37:16,2026-09-07T13:37:16-06:00,https://apps.grupoice.com/CenceWeb/CenceBoletinIntraDiario.jsf?init=true
Hídrico,Privada Hidro,49.55,2026-09-07,13:37:16,2026-09-07T13:37:16-06:00,https://apps.grupoice.com/CenceWeb/CenceBoletinIntraDiario.jsf?init=true
Hídrico,Reventazón,205.79,2026-09-07,13:37:16,2026-09-07T13:37:16-06:00,https://apps.grupoice.com/CenceWeb/CenceBoletinIntraDiario.jsf?init=true
Hídrico,Río Macho,51.37,2026-09-07,13:37:16,2026-09-07T13:37:16-06:00,https://apps.grupoice.com/CenceWeb/CenceBoletinIntraDiario.jsf?init=true
Hídrico,Sandillal,20.29,2026-09-07,13:37:16,2026-09-07T13:37:16-06:00,https://apps.grupoice.com/CenceWeb/CenceBoletinIntraDiario.jsf?init=true
Hídrico,Toro I,12.34,2026-09-07,13:37:16,2026-09-07T13:37:16-06:00,https://apps.grupoice.com/CenceWeb/CenceBoletinIntraDiario.jsf?init=true
Hídrico,Toro II,40.35,2026-09-07,13:37:16,2026-09-07T13:37:16-06:00,https://apps.grupoice.com/CenceWeb/CenceBoletinIntraDiario.jsf?init=true
Hídrico,Toro III,29.93,2026-09-07,13:37:16,2026-09-07T13:37:16-06:00,https://apps.grupoice.com/CenceWeb/CenceBoletinIntraDiario.jsf?init=true
Hídrico,Ventanas-Garita,71.54,2026-09-07,13:37:16,2026-09-07T13:37:16-06:00,https://apps.grupoice.com/CenceWeb/CenceBoletinIntraDiario.jsf?init=true
Intercambio,Intercambio Norte,-117.08,2026-09-07,13:37:16,2026-09-07T13:37:16-06:00,https://apps.grupoice.com/CenceWeb/CenceBoletinIntraDiario.jsf?init=true
Intercambio,Intercambio Sur,-0.32,2026-09-07,13:37:16,2026-09-07T13:37:16-06:00,https://apps.grupoice.com/CenceWeb/CenceBoletinIntraDiario.jsf?init=true
Solar,Otras Solar,4.91,2026-09-07,13:37:16,2026-09-07T13:37:16-06:00,https://apps.grupoice.com/CenceWeb/CenceBoletinIntraDiario.jsf?init=true
Solar,PSFV San Antonio,4.29,2026-09-07,13:37:16,2026-09-07T13:37:16-06:00,https://apps.grupoice.com/CenceWeb/CenceBoletinIntraDiario.jsf?init=true
Solar,Parque Solar Miravalles,0.2,2026-09-07,13:37:16,2026-09-07T13:37:16-06:00,https://apps.grupoice.com/CenceWeb/CenceBoletinIntraDiario.jsf?init=true
Solar,Privada Solar,14.67,2026-09-07,13:37:16,2026-09-07T13:37:16-06:00,https://apps.grupoice.com/CenceWeb/CenceBoletinIntraDiario.jsf?init=true
Térmico,Boca de Pozo,4.29,2026-09-07,13:37:16,2026-09-07T13:37:16-06:00,https://apps.grupoice.com/CenceWeb/CenceBoletinIntraDiario.jsf?init=true
Térmico,Garabito,155.95,2026-09-07,13:37:16,2026-09-07T13:37:16-06:00,https://apps.grupoice.com/CenceWeb/CenceBoletinIntraDiario.jsf?init=true
Térmico,Guápiles,0.0,2026-09-07,13:37:16,2026-09-07T13:37:16-06:00,https://apps.grupoice.com/CenceWeb/CenceBoletinIntraDiario.jsf?init=true
Térmico,Las Pailas II,52.31,2026-09-07,13:37:16,2026-09-07T13:37:16-06:00,https://apps.grupoice.com/CenceWeb/CenceBoletinIntraDiario.jsf?init=true
Térmico,Miravalles I,0.0,2026-09-07,13:37:16,2026-09-07T13:37:16-06:00,https://apps.grupoice.com/CenceWeb/CenceBoletinIntraDiario.jsf?init=true
Térmico,Miravalles II,44.63,2026-09-07,13:37:16,2026-09-07T13:37:16-06:00,https://apps.grupoice.com/CenceWeb/CenceBoletinIntraDiario.jsf?init=true
Térmico,Miravalles III,17.98,2026-09-07,13:37:16,2026-09-07T13:37:16-06:00,https://apps.grupoice.com/CenceWeb/CenceBoletinIntraDiario.jsf?init=true
Térmico,Moín II,0.0,2026-09-07,13:37:16,2026-09-07T13:37:16-06:00,https://apps.grupoice.com/CenceWeb/CenceBoletinIntraDiario.jsf?init=true
Térmico,Moín III,0.0,2026-09-07,13:37:16,2026-09-07T13:37:16-06:00,https://apps.grupoice.com/CenceWeb/CenceBoletinIntraDiario.jsf?init=true
Térmico,Orotina,0.0,2026-09-07,13:37:16,2026-09-07T13:37:16-06:00,https://apps.grupoice.com/CenceWeb/CenceBoletinIntraDiario.jsf?init=true
Térmico,PTA Garabito,0.0,2026-09-07,13:37:16,2026-09-07T13:37:16-06:00,https://apps.grupoice.com/CenceWeb/CenceBoletinIntraDiario.jsf?init=true
Térmico,PTA Moín,0.0,2026-09-07,13:37:16,2026-09-07T13:37:16-06:00,https://apps.grupoice.com/CenceWeb/CenceBoletinIntraDiario.jsf?init=true
Térmico,Pailas,30.69,2026-09-07,13:37:16,2026-09-07T13:37:16-06:00,https://apps.grupoice.com/CenceWeb/CenceBoletinIntraDiario.jsf?init=true
Biomasa,Privada Térmico Bagazo,0.0,2026-09-07,16:33:08,2026-09-07T16:33:08-06:00,https://apps.grupoice.com/CenceWeb/CenceBoletinIntraDiario.jsf?init=true
Eólico,BOT Eólico,102.31,2026-09-07,16:33:08,2026-09-07T16:33:08-06:00,https://apps.grupoice.com/CenceWeb/CenceBoletinIntraDiario.jsf?init=true
Eólico,Distribuidoras,50.4,2026-09-07,16:33:08,2026-09-07T16:33:08-06:00,https://apps.grupoice.com/CenceWeb/CenceBoletinIntraDiario.jsf?init=true
Eólico,Privada Eólico,119.39,2026-09-07,16:33:08,2026-09-07T16:33:08-06:00,https://apps.grupoice.com/CenceWeb/CenceBoletinIntraDiario.jsf?init=true
Hídrico,Angostura,119.35,2026-09-07,16:33:08,2026-09-07T16:33:08-06:00,https://apps.grupoice.com/CenceWeb/CenceBoletinIntraDiario.jsf?init=true
Hídrico,Arenal,101.61,2026-09-07,16:33:08,2026-09-07T16:33:08-06:00,https://apps.grupoice.com/CenceWeb/CenceBoletinIntraDiario.jsf?init=true
Hídrico,BOT Hidro,94.88,2026-09-07,16:33:08,2026-09-07T16:33:08-06:00,https://apps.grupoice.com/CenceWeb/CenceBoletinIntraDiario.jsf?init=true
Hídrico,Cachí,75.71,2026-09-07,16:33:08,2026-09-07T16:33:08-06:00,https://apps.grupoice.com/CenceWeb/CenceBoletinIntraDiario.jsf?init=true
Hídrico,Cariblanco,54.86,2026-09-07,16:33:08,2026-09-07T16:33:08-06:00,https://apps.grupoice.com/CenceWeb/CenceBoletinIntraDiario.jsf?init=true
Hídrico,Dengo,117.21,2026-09-07,16:33:08,2026-09-07T16:33:08-06:00,https://apps.grupoice.com/CenceWeb/CenceBoletinIntraDiario.jsf?init=true
Hídrico,Distribuidoras,215.46,2026-09-07,16:33:08,2026-09-07T16:33:08-06:00,https://apps.grupoice.com/CenceWeb/CenceBoletinIntraDiario.jsf?init=true
Hídrico,Echandi,0.0,2026-09-07,16:33:08,2026-09-07T16:33:08-06:00,https://apps.grupoice.com/CenceWeb/CenceBoletinIntraDiario.jsf?init=true
Hídrico,El General,27.96,2026-09-07,16:33:08,2026-09-07T16:33:08-06:00,https://apps.grupoice.com/CenceWeb/CenceBoletinIntraDiario.jsf?init=true
Hídrico,Garita,0.0,2026-09-07,16:33:08,2026-09-07T16:33:08-06:00,https://apps.grupoice.com/CenceWeb/CenceBoletinIntraDiario.jsf?init=true
Hídrico,La Joya,32.67,2026-09-07,16:33:08,2026-09-07T16:33:08-06:00,https://apps.grupoice.com/CenceWeb/CenceBoletinIntraDiario.jsf?init=true
Hídrico,Peñas Blancas,33.23,2026-09-07,16:33:08,2026-09-07T16:33:08-06:00,https://apps.grupoice.com/CenceWeb/CenceBoletinIntraDiario.jsf?init=true
Hídrico,Pirrís,0.0,2026-09-07,16:33:08,2026-09-07T16:33:08-06:00,https://apps.grupoice.com/CenceWeb/CenceBoletinIntraDiario.jsf?init=true
Hídrico,Privada Hidro,35.2,2026-09-07,16:33:08,2026-09-07T16:33:08-06:00,https://apps.grupoice.com/CenceWeb/CenceBoletinIntraDiario.jsf?init=true
Hídrico,Reventazón,236.75,2026-09-07,16:33:08,2026-09-07T16:33:08-06:00,https://apps.grupoice.com/CenceWeb/CenceBoletinIntraDiario.jsf?init=true
Hídrico,Río Macho,66.32,2026-09-07,16:33:08,2026-09-07T16:33:08-06:00,https://apps.grupoice.com/CenceWeb/CenceBoletinIntraDiario.jsf?init=true
Hídrico,Sandillal,16.28,2026-09-07,16:33:08,2026-09-07T16:33:08-06:00,https://apps.grupoice.com/CenceWeb/CenceBoletinIntraDiario.jsf?init=true
Hídrico,Toro I,12.34,2026-09-07,16:33:08,2026-09-07T16:33:08-06:00,https://apps.grupoice.com/CenceWeb/CenceBoletinIntraDiario.jsf?init=true
Hídrico,Toro II,40.45,2026-09-07,16:33:08,2026-09-07T16:33:08-06:00,https://apps.grupoice.com/CenceWeb/CenceBoletinIntraDiario.jsf?init=true
Hídrico,Toro III,30.0,2026-09-07,16:33:08,2026-09-07T16:33:08-06:00,https://apps.grupoice.com/CenceWeb/CenceBoletinIntraDiario.jsf?init=true
Hídrico,Ventanas-Garita,54.19,2026-09-07,16:33:08,2026-09-07T16:33:08-06:00,https://apps.grupoice.com/CenceWeb/CenceBoletinIntraDiario.jsf?init=true
Intercambio,Intercambio Norte,-111.05,2026-09-07,16:33:08,2026-09-07T16:33:08-06:00,https://apps.grupoice.com/CenceWeb/CenceBoletinIntraDiario.jsf?init=true
Intercambio,Intercambio Sur,1.98,2026-09-07,16:33:08,2026-09-07T16:33:08-06:00,https://apps.grupoice.com/CenceWeb/CenceBoletinIntraDiario.jsf?init=true
Solar,Otras Solar,3.73,2026-09-07,16:33:08,2026-09-07T16:33:08-06:00,https://apps.grupoice.com/CenceWeb/CenceBoletinIntraDiario.jsf?init=true
Solar,PSFV San Antonio,1.55,2026-09-07,16:33:08,2026-09-07T16:33:08-06:00,https://apps.grupoice.com/CenceWeb/CenceBoletinIntraDiario.jsf?init=true
Solar,Parque Solar Miravalles,0.08,2026-09-07,16:33:08,2026-09-07T16:33:08-06:00,https://apps.grupoice.com/CenceWeb/CenceBoletinIntraDiario.jsf?init=true
Solar,Privada Solar,4.94,2026-09-07,16:33:08,2026-09-07T16:33:08-06:00,https://apps.grupoice.com/CenceWeb/CenceBoletinIntraDiario.jsf?init=true
Térmico,Boca de Pozo,4.29,2026-09-07,16:33:08,2026-09-07T16:33:08-06:00,https://apps.grupoice.com/CenceWeb/CenceBoletinIntraDiario.jsf?init=true
Térmico,Garabito,105.8,2026-09-07,16:33:08,2026-09-07T16:33:08-06:00,https://apps.grupoice.com/CenceWeb/CenceBoletinIntraDiario.jsf?init=true
Térmico,Guápiles,0.0,2026-09-07,16:33:08,2026-09-07T16:33:08-06:00,https://apps.grupoice.com/CenceWeb/CenceBoletinIntraDiario.jsf?init=true
Térmico,Las Pailas II,52.33,2026-09-07,16:33:08,2026-09-07T16:33:08-06:00,https://apps.grupoice.com/CenceWeb/CenceBoletinIntraDiario.jsf?init=true
Térmico,Miravalles I,0.0,2026-09-07,16:33:08,2026-09-07T16:33:08-06:00,https://apps.grupoice.com/CenceWeb/CenceBoletinIntraDiario.jsf?init=true
Térmico,Miravalles II,45.7,2026-09-07,16:33:08,2026-09-07T16:33:08-06:00,https://apps.grupoice.com/CenceWeb/CenceBoletinIntraDiario.jsf?init=true
Térmico,Miravalles III,17.91,2026-09-07,16:33:08,2026-09-07T16:33:08-06:00,https://apps.grupoice.com/CenceWeb/CenceBoletinIntraDiario.jsf?init=true
Térmico,Moín II,0.0,2026-09-07,16:33:08,2026-09-07T16:33:08-06:00,https://apps.grupoice.com/CenceWeb/CenceBoletinIntraDiario.jsf?init=true
Térmico,Moín III,0.0,2026-09-07,16:33:08,2026-09-07T16:33:08-06:00,https://apps.grupoice.com/CenceWeb/CenceBoletinIntraDiario.jsf?init=true
Térmico,Orotina,0.0,2026-09-07,16:33:08,2026-09-07T16:33:08-06:00,https://apps.grupoice.com/CenceWeb/CenceBoletinIntraDiario.jsf?init=true
Térmico,PTA Garabito,0.0,2026-09-07,16:33:08,2026-09-07T16:33:08-06:00,https://apps.grupoice.com/CenceWeb/CenceBoletinIntraDiario.jsf?init=true
Térmico,PTA Moín,0.0,2026-09-07,16:33:08,2026-09-07T16:33:08-06:00,https://apps.grupoice.com/CenceWeb/CenceBoletinIntraDiario.jsf?init=true
Térmico,Pailas,30.69,2026-09-07,16:33:08,2026-09-07T16:33:08-06:00,https://apps.grupoice.com/CenceWeb/CenceBoletinIntraDiario.jsf?init=true
Biomasa,Privada Térmico Bagazo,0.0,2026-09-07,21:20:55,2026-09-07T21:20:55-06:00,https://apps.grupoice.com/CenceWeb/CenceBoletinIntraDiario.jsf?init=true
Eólico,BOT Eólico,90.45,2026-09-07,21:20:55,2026-09-07T21:20:55-06:00,https://apps.grupoice.com/CenceWeb/CenceBoletinIntraDiario.jsf?init=true
Eólico,Distribuidoras,39.12,2026-09-07,21:20:55,2026-09-07T21:20:55-06:00,https://apps.grupoice.com/CenceWeb/CenceBoletinIntraDiario.jsf?init=true
Eólico,Privada Eólico,106.26,2026-09-07,21:20:55,2026-09-07T21:20:55-06:00,https://apps.grupoice.com/CenceWeb/CenceBoletinIntraDiario.jsf?init=true
Hídrico,Angostura,119.95,2026-09-07,21:20:55,2026-09-07T21:20:55-06:00,https://apps.grupoice.com/CenceWeb/CenceBoletinIntraDiario.jsf?init=true
Hídrico,Arenal,97.41,2026-09-07,21:20:55,2026-09-07T21:20:55-06:00,https://apps.grupoice.com/CenceWeb/CenceBoletinIntraDiario.jsf?init=true
Hídrico,BOT Hidro,71.09,2026-09-07,21:20:55,2026-09-07T21:20:55-06:00,https://apps.grupoice.com/CenceWeb/CenceBoletinIntraDiario.jsf?init=true
Hídrico,Cachí,75.56,2026-09-07,21:20:55,2026-09-07T21:20:55-06:00,https://apps.grupoice.com/CenceWeb/CenceBoletinIntraDiario.jsf?init=true
Hídrico,Cariblanco,54.72,2026-09-07,21:20:55,2026-09-07T21:20:55-06:00,https://apps.grupoice.com/CenceWeb/CenceBoletinIntraDiario.jsf?init=true
Hídrico,Dengo,112.69,2026-09-07,21:20:55,2026-09-07T21:20:55-06:00,https://apps.grupoice.com/CenceWeb/CenceBoletinIntraDiario.jsf?init=true
Hídrico,Distribuidoras,211.97,2026-09-07,21:20:55,2026-09-07T21:20:55-06:00,https://apps.grupoice.com/CenceWeb/CenceBoletinIntraDiario.jsf?init=true
Hídrico,Echandi,0.0,2026-09-07,21:20:55,2026-09-07T21:20:55-06:00,https://apps.grupoice.com/CenceWeb/CenceBoletinIntraDiario.jsf?init=true
Hídrico,El General,26.88,2026-09-07,21:20:55,2026-09-07T21:20:55-06:00,https://apps.grupoice.com/CenceWeb/CenceBoletinIntraDiario.jsf?init=true
Hídrico,Garita,0.0,2026-09-07,21:20:55,2026-09-07T21:20:55-06:00,https://apps.grupoice.com/CenceWeb/CenceBoletinIntraDiario.jsf?init=true
Hídrico,La Joya,32.63,2026-09-07,21:20:55,2026-09-07T21:20:55-06:00,https://apps.grupoice.com/CenceWeb/CenceBoletinIntraDiario.jsf?init=true
Hídrico,Peñas Blancas,13.49,2026-09-07,21:20:55,2026-09-07T21:20:55-06:00,https://apps.grupoice.com/CenceWeb/CenceBoletinIntraDiario.jsf?init=true
Hídrico,Pirrís,77.58,2026-09-07,21:20:55,2026-09-07T21:20:55-06:00,https://apps.grupoice.com/CenceWeb/CenceBoletinIntraDiario.jsf?init=true
Hídrico,Privada Hidro,38.12,2026-09-07,21:20:55,2026-09-07T21:20:55-06:00,https://apps.grupoice.com/CenceWeb/CenceBoletinIntraDiario.jsf?init=true
Hídrico,Reventazón,248.54,2026-09-07,21:20:55,2026-09-07T21:20:55-06:00,https://apps.grupoice.com/CenceWeb/CenceBoletinIntraDiario.jsf?init=true
Hídrico,Río Macho,39.05,2026-09-07,21:20:55,2026-09-07T21:20:55-06:00,https://apps.grupoice.com/CenceWeb/CenceBoletinIntraDiario.jsf?init=true
Hídrico,Sandillal,16.28,2026-09-07,21:20:55,2026-09-07T21:20:55-06:00,https://apps.grupoice.com/CenceWeb/CenceBoletinIntraDiario.jsf?init=true
Hídrico,Toro I,12.34,2026-09-07,21:20:55,2026-09-07T21:20:55-06:00,https://apps.grupoice.com/CenceWeb/CenceBoletinIntraDiario.jsf?init=true
Hídrico,Toro II,40.07,2026-09-07,21:20:55,2026-09-07T21:20:55-06:00,https://apps.grupoice.com/CenceWeb/CenceBoletinIntraDiario.jsf?init=true
Hídrico,Toro III,29.83,2026-09-07,21:20:55,2026-09-07T21:20:55-06:00,https://apps.grupoice.com/CenceWeb/CenceBoletinIntraDiario.jsf?init=true
Hídrico,Ventanas-Garita,50.39,2026-09-07,21:20:55,2026-09-07T21:20:55-06:00,https://apps.grupoice.com/CenceWeb/CenceBoletinIntraDiario.jsf?init=true
Intercambio,Intercambio Norte,-158.74,2026-09-07,21:20:55,2026-09-07T21:20:55-06:00,https://apps.grupoice.com/CenceWeb/CenceBoletinIntraDiario.jsf?init=true
Intercambio,Intercambio Sur,0.3,2026-09-07,21:20:55,2026-09-07T21:20:55-06:00,https://apps.grupoice.com/CenceWeb/CenceBoletinIntraDiario.jsf?init=true
Solar,Otras Solar,0.0,2026-09-07,21:20:55,2026-09-07T21:20:55-06:00,https://apps.grupoice.com/CenceWeb/CenceBoletinIntraDiario.jsf?init=true
Solar,PSFV San Antonio,0.0,2026-09-07,21:20:55,2026-09-07T21:20:55-06:00,https://apps.grupoice.com/CenceWeb/CenceBoletinIntraDiario.jsf?init=true
Solar,Parque Solar Miravalles,0.0,2026-09-07,21:20:55,2026-09-07T21:20:55-06:00,https://apps.grupoice.com/CenceWeb/CenceBoletinIntraDiario.jsf?init=true
Solar,Privada Solar,0.0,2026-09-07,21:20:55,2026-09-07T21:20:55-06:00,https://apps.grupoice.com/CenceWeb/CenceBoletinIntraDiario.jsf?init=true
Térmico,Boca de Pozo,4.28,2026-09-07,21:20:55,2026-09-07T21:20:55-06:00,https://apps.grupoice.com/CenceWeb/CenceBoletinIntraDiario.jsf?init=true
Térmico,Garabito,153.04,2026-09-07,21:20:55,2026-09-07T21:20:55-06:00,https://apps.grupoice.com/CenceWeb/CenceBoletinIntraDiario.jsf?init=true
Térmico,Guápiles,0.0,2026-09-07,21:20:55,2026-09-07T21:20:55-06:00,https://apps.grupoice.com/CenceWeb/CenceBoletinIntraDiario.jsf?init=true
Térmico,Las Pailas II,52.29,2026-09-07,21:20:55,2026-09-07T21:20:55-06:00,https://apps.grupoice.com/CenceWeb/CenceBoletinIntraDiario.jsf?init=true
Térmico,Miravalles I,0.0,2026-09-07,21:20:55,2026-09-07T21:20:55-06:00,https://apps.grupoice.com/CenceWeb/CenceBoletinIntraDiario.jsf?init=true
Térmico,Miravalles II,46.2,2026-09-07,21:20:55,2026-09-07T21:20:55-06:00,https://apps.grupoice.com/CenceWeb/CenceBoletinIntraDiario.jsf?init=true
Térmico,Miravalles III,18.39,2026-09-07,21:20:55,2026-09-07T21:20:55-06:00,https://apps.grupoice.com/CenceWeb/CenceBoletinIntraDiario.jsf?init=true
Térmico,Moín II,0.0,2026-09-07,21:20:55,2026-09-07T21:20:55-06:00,https://apps.grupoice.com/CenceWeb/CenceBoletinIntraDiario.jsf?init=true
Térmico,Moín III,0.0,2026-09-07,21:20:55,2026-09-07T21:20:55-06:00,https://apps.grupoice.com/CenceWeb/CenceBoletinIntraDiario.jsf?init=true
Térmico,Orotina,0.0,2026-09-07,21:20:55,2026-09-07T21:20:55-06:00,https://apps.grupoice.com/CenceWeb/CenceBoletinIntraDiario.jsf?init=true
Térmico,PTA Garabito,0.0,2026-09-07,21:20:55,2026-09-07T21:20:55-06:00,https://apps.grupoice.com/CenceWeb/CenceBoletinIntraDiario.jsf?init=true
Térmico,PTA Moín,0.0,2026-09-07,21:20:55,2026-09-07T21:20:55-06:00,https://apps.grupoice.com/CenceWeb/CenceBoletinIntraDiario.jsf?init=true
Térmico,Pailas,30.81,2026-09-07,21:20:55,2026-09-07T21:20:55-06:00,https://apps.grupoice.com/CenceWeb/CenceBoletinIntraDiario.jsf?init=true
Biomasa,Privada Térmico Bagazo,0.0,2026-09-08,02:39:14,2026-09-08T02:39:14-06:00,https://apps.grupoice.com/CenceWeb/CenceBoletinIntraDiario.jsf?init=true
Eólico,BOT Eólico,108.31,2026-09-08,02:39:14,2026-09-08T02:39:14-06:00,https://apps.grupoice.com/CenceWeb/CenceBoletinIntraDiario.jsf?init=true
Eólico,Distribuidoras,55.49,2026-09-08,02:39:14,2026-09-08T02:39:14-06:00,https://apps.grupoice.com/CenceWeb/CenceBoletinIntraDiario.jsf?init=true
Eólico,Privada Eólico,110.87,2026-09-08,02:39:14,2026-09-08T02:39:14-06:00,https://apps.grupoice.com/CenceWeb/CenceBoletinIntraDiario.jsf?init=true
Hídrico,Angostura,119.84,2026-09-08,02:39:14,2026-09-08T02:39:14-06:00,https://apps.grupoice.com/CenceWeb/CenceBoletinIntraDiario.jsf?init=true
Hídrico,Arenal,80.28,2026-09-08,02:39:14,2026-09-08T02:39:14-06:00,https://apps.grupoice.com/CenceWeb/CenceBoletinIntraDiario.jsf?init=true
Hídrico,BOT Hidro,45.44,2026-09-08,02:39:14,2026-09-08T02:39:14-06:00,https://apps.grupoice.com/CenceWeb/CenceBoletinIntraDiario.jsf?init=true
Hídrico,Cachí,75.9,2026-09-08,02:39:14,2026-09-08T02:39:14-06:00,https://apps.grupoice.com/CenceWeb/CenceBoletinIntraDiario.jsf?init=true
Hídrico,Cariblanco,27.27,2026-09-08,02:39:14,2026-09-08T02:39:14-06:00,https://apps.grupoice.com/CenceWeb/CenceBoletinIntraDiario.jsf?init=true
Hídrico,Dengo,95.44,2026-09-08,02:39:14,2026-09-08T02:39:14-06:00,https://apps.grupoice.com/CenceWeb/CenceBoletinIntraDiario.jsf?init=true
Hídrico,Distribuidoras,142.01,2026-09-08,02:39:14,2026-09-08T02:39:14-06:00,https://apps.grupoice.com/CenceWeb/CenceBoletinIntraDiario.jsf?init=true
Hídrico,Echandi,0.0,2026-09-08,02:39:14,2026-09-08T02:39:14-06:00,https://apps.grupoice.com/CenceWeb/CenceBoletinIntraDiario.jsf?init=true
Hídrico,El General,19.98,2026-09-08,02:39:14,2026-09-08T02:39:14-06:00,https://apps.grupoice.com/CenceWeb/CenceBoletinIntraDiario.jsf?init=true
Hídrico,Garita,0.0,2026-09-08,02:39:14,2026-09-08T02:39:14-06:00,https://apps.grupoice.com/CenceWeb/CenceBoletinIntraDiario.jsf?init=true
Hídrico,La Joya,32.54,2026-09-08,02:39:14,2026-09-08T02:39:14-06:00,https://apps.grupoice.com/CenceWeb/CenceBoletinIntraDiario.jsf?init=true
Hídrico,Peñas Blancas,0.0,2026-09-08,02:39:14,2026-09-08T02:39:14-06:00,https://apps.grupoice.com/CenceWeb/CenceBoletinIntraDiario.jsf?init=true
Hídrico,Pirrís,0.0,2026-09-08,02:39:14,2026-09-08T02:39:14-06:00,https://apps.grupoice.com/CenceWeb/CenceBoletinIntraDiario.jsf?init=true
Hídrico,Privada Hidro,14.11,2026-09-08,02:39:14,2026-09-08T02:39:14-06:00,https://apps.grupoice.com/CenceWeb/CenceBoletinIntraDiario.jsf?init=true
Hídrico,Reventazón,64.4,2026-09-08,02:39:14,2026-09-08T02:39:14-06:00,https://apps.grupoice.com/CenceWeb/CenceBoletinIntraDiario.jsf?init=true
Hídrico,Río Macho,40.46,2026-09-08,02:39:14,2026-09-08T02:39:14-06:00,https://apps.grupoice.com/CenceWeb/CenceBoletinIntraDiario.jsf?init=true
Hídrico,Sandillal,16.28,2026-09-08,02:39:14,2026-09-08T02:39:14-06:00,https://apps.grupoice.com/CenceWeb/CenceBoletinIntraDiario.jsf?init=true
Hídrico,Toro I,7.99,2026-09-08,02:39:14,2026-09-08T02:39:14-06:00,https://apps.grupoice.com/CenceWeb/CenceBoletinIntraDiario.jsf?init=true
Hídrico,Toro II,20.16,2026-09-08,02:39:14,2026-09-08T02:39:14-06:00,https://apps.grupoice.com/CenceWeb/CenceBoletinIntraDiario.jsf?init=true
Hídrico,Toro III,15.33,2026-09-08,02:39:14,2026-09-08T02:39:14-06:00,https://apps.grupoice.com/CenceWeb/CenceBoletinIntraDiario.jsf?init=true
Hídrico,Ventanas-Garita,17.31,2026-09-08,02:39:14,2026-09-08T02:39:14-06:00,https://apps.grupoice.com/CenceWeb/CenceBoletinIntraDiario.jsf?init=true
Intercambio,Intercambio Norte,-107.46,2026-09-08,02:39:14,2026-09-08T02:39:14-06:00,https://apps.grupoice.com/CenceWeb/CenceBoletinIntraDiario.jsf?init=true
Intercambio,Intercambio Sur,3.49,2026-09-08,02:39:14,2026-09-08T02:39:14-06:00,https://apps.grupoice.com/CenceWeb/CenceBoletinIntraDiario.jsf?init=true
Solar,Otras Solar,0.0,2026-09-08,02:39:14,2026-09-08T02:39:14-06:00,https://apps.grupoice.com/CenceWeb/CenceBoletinIntraDiario.jsf?init=true
Solar,PSFV San Antonio,0.0,2026-09-08,02:39:14,2026-09-08T02:39:14-06:00,https://apps.grupoice.com/CenceWeb/CenceBoletinIntraDiario.jsf?init=true
Solar,Parque Solar Miravalles,0.0,2026-09-08,02:39:14,2026-09-08T02:39:14-06:00,https://apps.grupoice.com/CenceWeb/CenceBoletinIntraDiario.jsf?init=true
Solar,Privada Solar,0.0,2026-09-08,02:39:14,2026-09-08T02:39:14-06:00,https://apps.grupoice.com/CenceWeb/CenceBoletinIntraDiario.jsf?init=true
Térmico,Boca de Pozo,4.29,2026-09-08,02:39:14,2026-09-08T02:39:14-06:00,https://apps.grupoice.com/CenceWeb/CenceBoletinIntraDiario.jsf?init=true
Térmico,Garabito,58.75,2026-09-08,02:39:14,2026-09-08T02:39:14-06:00,https://apps.grupoice.com/CenceWeb/CenceBoletinIntraDiario.jsf?init=true
Térmico,Guápiles,0.0,2026-09-08,02:39:14,2026-09-08T02:39:14-06:00,https://apps.grupoice.com/CenceWeb/CenceBoletinIntraDiario.jsf?init=true
Térmico,Las Pailas II,52.3,2026-09-08,02:39:14,2026-09-08T02:39:14-06:00,https://apps.grupoice.com/CenceWeb/CenceBoletinIntraDiario.jsf?init=true
Térmico,Miravalles I,0.0,2026-09-08,02:39:14,2026-09-08T02:39:14-06:00,https://apps.grupoice.com/CenceWeb/CenceBoletinIntraDiario.jsf?init=true
Térmico,Miravalles II,46.29,2026-09-08,02:39:14,2026-09-08T02:39:14-06:00,https://apps.grupoice.com/CenceWeb/CenceBoletinIntraDiario.jsf?init=true
Térmico,Miravalles III,18.26,2026-09-08,02:39:14,2026-09-08T02:39:14-06:00,https://apps.grupoice.com/CenceWeb/CenceBoletinIntraDiario.jsf?init=true
Térmico,Moín II,0.0,2026-09-08,02:39:14,2026-09-08T02:39:14-06:00,https://apps.grupoice.com/CenceWeb/CenceBoletinIntraDiario.jsf?init=true
Térmico,Moín III,0.0,2026-09-08,02:39:14,2026-09-08T02:39:14-06:00,https://apps.grupoice.com/CenceWeb/CenceBoletinIntraDiario.jsf?init=true
Térmico,Orotina,0.0,2026-09-08,02:39:14,2026-09-08T02:39:14-06:00,https://apps.grupoice.com/CenceWeb/CenceBoletinIntraDiario.jsf?init=true
Térmico,PTA Garabito,0.0,2026-09-08,02:39:14,2026-09-08T02:39:14-06:00,https://apps.grupoice.com/CenceWeb/CenceBoletinIntraDiario.jsf?init=true
Térmico,PTA Moín,0.0,2026-09-08,02:39:14,2026-09-08T02:39:14-06:00,https://apps.grupoice.com/CenceWeb/CenceBoletinIntraDiario.jsf?init=true
Térmico,Pailas,30.56,2026-09-08,02:39:14,2026-09-08T02:39:14-06:00,https://apps.grupoice.com/CenceWeb/CenceBoletinIntraDiario.jsf?init=true
Biomasa,Privada Térmico Bagazo,0.0,2026-09-08,08:11:15,2026-09-08T08:11:15-06:00,https://apps.grupoice.com/CenceWeb/CenceBoletinIntraDiario.jsf?init=true
Eólico,BOT Eólico,66.98,2026-09-08,08:11:15,2026-09-08T08:11:15-06:00,https://apps.grupoice.com/CenceWeb/CenceBoletinIntraDiario.jsf?init=true
Eólico,Distribuidoras,50.17,2026-09-08,08:11:15,2026-09-08T08:11:15-06:00,https://apps.grupoice.com/CenceWeb/CenceBoletinIntraDiario.jsf?init=true
Eólico,Privada Eólico,92.35,2026-09-08,08:11:15,2026-09-08T08:11:15-06:00,https://apps.grupoice.com/CenceWeb/CenceBoletinIntraDiario.jsf?init=true
Hídrico,Angostura,117.42,2026-09-08,08:11:15,2026-09-08T08:11:15-06:00,https://apps.grupoice.com/CenceWeb/CenceBoletinIntraDiario.jsf?init=true
Hídrico,Arenal,101.96,2026-09-08,08:11:15,2026-09-08T08:11:15-06:00,https://apps.grupoice.com/CenceWeb/CenceBoletinIntraDiario.jsf?init=true
Hídrico,BOT Hidro,44.53,2026-09-08,08:11:15,2026-09-08T08:11:15-06:00,https://apps.grupoice.com/CenceWeb/CenceBoletinIntraDiario.jsf?init=true
Hídrico,Cachí,75.51,2026-09-08,08:11:15,2026-09-08T08:11:15-06:00,https://apps.grupoice.com/CenceWeb/CenceBoletinIntraDiario.jsf?init=true
Hídrico,Cariblanco,34.27,2026-09-08,08:11:15,2026-09-08T08:11:15-06:00,https://apps.grupoice.com/CenceWeb/CenceBoletinIntraDiario.jsf?init=true
Hídrico,Dengo,117.53,2026-09-08,08:11:15,2026-09-08T08:11:15-06:00,https://apps.grupoice.com/CenceWeb/CenceBoletinIntraDiario.jsf?init=true
Hídrico,Distribuidoras,207.75,2026-09-08,08:11:15,2026-09-08T08:11:15-06:00,https://apps.grupoice.com/CenceWeb/CenceBoletinIntraDiario.jsf?init=true
Hídrico,Echandi,0.0,2026-09-08,08:11:15,2026-09-08T08:11:15-06:00,https://apps.grupoice.com/CenceWeb/CenceBoletinIntraDiario.jsf?init=true
Hídrico,El General,25.82,2026-09-08,08:11:15,2026-09-08T08:11:15-06:00,https://apps.grupoice.com/CenceWeb/CenceBoletinIntraDiario.jsf?init=true
Hídrico,Garita,0.0,2026-09-08,08:11:15,2026-09-08T08:11:15-06:00,https://apps.grupoice.com/CenceWeb/CenceBoletinIntraDiario.jsf?init=true
Hídrico,La Joya,32.88,2026-09-08,08:11:15,2026-09-08T08:11:15-06:00,https://apps.grupoice.com/CenceWeb/CenceBoletinIntraDiario.jsf?init=true
Hídrico,Peñas Blancas,16.97,2026-09-08,08:11:15,2026-09-08T08:11:15-06:00,https://apps.grupoice.com/CenceWeb/CenceBoletinIntraDiario.jsf?init=true
Hídrico,Pirrís,31.49,2026-09-08,08:11:15,2026-09-08T08:11:15-06:00,https://apps.grupoice.com/CenceWeb/CenceBoletinIntraDiario.jsf?init=true
Hídrico,Privada Hidro,36.07,2026-09-08,08:11:15,2026-09-08T08:11:15-06:00,https://apps.grupoice.com/CenceWeb/CenceBoletinIntraDiario.jsf?init=true
Hídrico,Reventazón,168.0,2026-09-08,08:11:15,2026-09-08T08:11:15-06:00,https://apps.grupoice.com/CenceWeb/CenceBoletinIntraDiario.jsf?init=true
Hídrico,Río Macho,48.27,2026-09-08,08:11:15,2026-09-08T08:11:15-06:00,https://apps.grupoice.com/CenceWeb/CenceBoletinIntraDiario.jsf?init=true
Hídrico,Sandillal,16.26,2026-09-08,08:11:15,2026-09-08T08:11:15-06:00,https://apps.grupoice.com/CenceWeb/CenceBoletinIntraDiario.jsf?init=true
Hídrico,Toro I,11.99,2026-09-08,08:11:15,2026-09-08T08:11:15-06:00,https://apps.grupoice.com/CenceWeb/CenceBoletinIntraDiario.jsf?init=true
Hídrico,Toro II,27.89,2026-09-08,08:11:15,2026-09-08T08:11:15-06:00,https://apps.grupoice.com/CenceWeb/CenceBoletinIntraDiario.jsf?init=true
Hídrico,Toro III,20.76,2026-09-08,08:11:15,2026-09-08T08:11:15-06:00,https://apps.grupoice.com/CenceWeb/CenceBoletinIntraDiario.jsf?init=true
Hídrico,Ventanas-Garita,0.0,2026-09-08,08:11:15,2026-09-08T08:11:15-06:00,https://apps.grupoice.com/CenceWeb/CenceBoletinIntraDiario.jsf?init=true
Intercambio,Intercambio Norte,-90.79,2026-09-08,08:11:15,2026-09-08T08:11:15-06:00,https://apps.grupoice.com/CenceWeb/CenceBoletinIntraDiario.jsf?init=true
Intercambio,Intercambio Sur,-1.19,2026-09-08,08:11:15,2026-09-08T08:11:15-06:00,https://apps.grupoice.com/CenceWeb/CenceBoletinIntraDiario.jsf?init=true
Solar,Otras Solar,0.38,2026-09-08,08:11:15,2026-09-08T08:11:15-06:00,https://apps.grupoice.com/CenceWeb/CenceBoletinIntraDiario.jsf?init=true
Solar,PSFV San Antonio,0.57,2026-09-08,08:11:15,2026-09-08T08:11:15-06:00,https://apps.grupoice.com/CenceWeb/CenceBoletinIntraDiario.jsf?init=true
Solar,Parque Solar Miravalles,0.0,2026-09-08,08:11:15,2026-09-08T08:11:15-06:00,https://apps.grupoice.com/CenceWeb/CenceBoletinIntraDiario.jsf?init=true
Solar,Privada Solar,2.38,2026-09-08,08:11:15,2026-09-08T08:11:15-06:00,https://apps.grupoice.com/CenceWeb/CenceBoletinIntraDiario.jsf?init=true
Térmico,Boca de Pozo,4.28,2026-09-08,08:11:15,2026-09-08T08:11:15-06:00,https://apps.grupoice.com/CenceWeb/CenceBoletinIntraDiario.jsf?init=true
Térmico,Garabito,157.94,2026-09-08,08:11:15,2026-09-08T08:11:15-06:00,https://apps.grupoice.com/CenceWeb/CenceBoletinIntraDiario.jsf?init=true
Térmico,Guápiles,0.0,2026-09-08,08:11:15,2026-09-08T08:11:15-06:00,https://apps.grupoice.com/CenceWeb/CenceBoletinIntraDiario.jsf?init=true
Térmico,Las Pailas II,52.04,2026-09-08,08:11:15,2026-09-08T08:11:15-06:00,https://apps.grupoice.com/CenceWeb/CenceBoletinIntraDiario.jsf?init=true
Térmico,Miravalles I,0.0,2026-09-08,08:11:15,2026-09-08T08:11:15-06:00,https://apps.grupoice.com/CenceWeb/CenceBoletinIntraDiario.jsf?init=true
Térmico,Miravalles II,46.02,2026-09-08,08:11:15,2026-09-08T08:11:15-06:00,https://apps.grupoice.com/CenceWeb/CenceBoletinIntraDiario.jsf?init=true
Térmico,Miravalles III,18.13,2026-09-08,08:11:15,2026-09-08T08:11:15-06:00,https://apps.grupoice.com/CenceWeb/CenceBoletinIntraDiario.jsf?init=true
Térmico,Moín II,0.0,2026-09-08,08:11:15,2026-09-08T08:11:15-06:00,https://apps.grupoice.com/CenceWeb/CenceBoletinIntraDiario.jsf?init=true
Térmico,Moín III,0.0,2026-09-08,08:11:15,2026-09-08T08:11:15-06:00,https://apps.grupoice.com/CenceWeb/CenceBoletinIntraDiario.jsf?init=true
Térmico,Orotina,0.0,2026-09-08,08:11:15,2026-09-08T08:11:15-06:00,https://apps.grupoice.com/CenceWeb/CenceBoletinIntraDiario.jsf?init=true
Térmico,PTA Garabito,0.0,2026-09-08,08:11:15,2026-09-08T08:11:15-06:00,https://apps.grupoice.com/CenceWeb/CenceBoletinIntraDiario.jsf?init=true
Térmico,PTA Moín,0.0,2026-09-08,08:11:15,2026-09-08T08:11:15-06:00,https://apps.grupoice.com/CenceWeb/CenceBoletinIntraDiario.jsf?init=true
Térmico,Pailas,30.56,2026-09-08,08:11:15,2026-09-08T08:11:15-06:00,https://apps.grupoice.com/CenceWeb/CenceBoletinIntraDiario.jsf?init=true
Biomasa,Privada Térmico Bagazo,0.0,2026-09-08,13:16:52,2026-09-08T13:16:52-06:00,https://apps.grupoice.com/CenceWeb/CenceBoletinIntraDiario.jsf?init=true
Eólico,BOT Eólico,50.86,2026-09-08,13:16:52,2026-09-08T13:16:52-06:00,https://apps.grupoice.com/CenceWeb/CenceBoletinIntraDiario.jsf?init=true
Eólico,Distribuidoras,55.0,2026-09-08,13:16:52,2026-09-08T13:16:52-06:00,https://apps.grupoice.com/CenceWeb/CenceBoletinIntraDiario.jsf?init=true
Eólico,Privada Eólico,73.21,2026-09-08,13:16:52,2026-09-08T13:16:52-06:00,https://apps.grupoice.com/CenceWeb/CenceBoletinIntraDiario.jsf?init=true
Hídrico,Angostura,119.67,2026-09-08,13:16:52,2026-09-08T13:16:52-06:00,https://apps.grupoice.com/CenceWeb/CenceBoletinIntraDiario.jsf?init=true
Hídrico,Arenal,102.26,2026-09-08,13:16:52,2026-09-08T13:16:52-06:00,https://apps.grupoice.com/CenceWeb/CenceBoletinIntraDiario.jsf?init=true
Hídrico,BOT Hidro,75.42,2026-09-08,13:16:52,2026-09-08T13:16:52-06:00,https://apps.grupoice.com/CenceWeb/CenceBoletinIntraDiario.jsf?init=true
Hídrico,Cachí,75.75,2026-09-08,13:16:52,2026-09-08T13:16:52-06:00,https://apps.grupoice.com/CenceWeb/CenceBoletinIntraDiario.jsf?init=true
Hídrico,Cariblanco,69.12,2026-09-08,13:16:52,2026-09-08T13:16:52-06:00,https://apps.grupoice.com/CenceWeb/CenceBoletinIntraDiario.jsf?init=true
Hídrico,Dengo,118.35,2026-09-08,13:16:52,2026-09-08T13:16:52-06:00,https://apps.grupoice.com/CenceWeb/CenceBoletinIntraDiario.jsf?init=true
Hídrico,Distribuidoras,262.49,2026-09-08,13:16:52,2026-09-08T13:16:52-06:00,https://apps.grupoice.com/CenceWeb/CenceBoletinIntraDiario.jsf?init=true
Hídrico,Echandi,0.0,2026-09-08,13:16:52,2026-09-08T13:16:52-06:00,https://apps.grupoice.com/CenceWeb/CenceBoletinIntraDiario.jsf?init=true
Hídrico,El General,26.36,2026-09-08,13:16:52,2026-09-08T13:16:52-06:00,https://apps.grupoice.com/CenceWeb/CenceBoletinIntraDiario.jsf?init=true
Hídrico,Garita,0.0,2026-09-08,13:16:52,2026-09-08T13:16:52-06:00,https://apps.grupoice.com/CenceWeb/CenceBoletinIntraDiario.jsf?init=true
Hídrico,La Joya,32.95,2026-09-08,13:16:52,2026-09-08T13:16:52-06:00,https://apps.grupoice.com/CenceWeb/CenceBoletinIntraDiario.jsf?init=true
Hídrico,Peñas Blancas,33.74,2026-09-08,13:16:52,2026-09-08T13:16:52-06:00,https://apps.grupoice.com/CenceWeb/CenceBoletinIntraDiario.jsf?init=true
Hídrico,Pirrís,6.1,2026-09-08,13:16:52,2026-09-08T13:16:52-06:00,https://apps.grupoice.com/CenceWeb/CenceBoletinIntraDiario.jsf?init=true
Hídrico,Privada Hidro,35.95,2026-09-08,13:16:52,2026-09-08T13:16:52-06:00,https://apps.grupoice.com/CenceWeb/CenceBoletinIntraDiario.jsf?init=true
Hídrico,Reventazón,197.38,2026-09-08,13:16:52,2026-09-08T13:16:52-06:00,https://apps.grupoice.com/CenceWeb/CenceBoletinIntraDiario.jsf?init=true
Hídrico,Río Macho,69.64,2026-09-08,13:16:52,2026-09-08T13:16:52-06:00,https://apps.grupoice.com/CenceWeb/CenceBoletinIntraDiario.jsf?init=true
Hídrico,Sandillal,16.29,2026-09-08,13:16:52,2026-09-08T13:16:52-06:00,https://apps.grupoice.com/CenceWeb/CenceBoletinIntraDiario.jsf?init=true
Hídrico,Toro I,12.0,2026-09-08,13:16:52,2026-09-08T13:16:52-06:00,https://apps.grupoice.com/CenceWeb/CenceBoletinIntraDiario.jsf?init=true
Hídrico,Toro II,56.86,2026-09-08,13:16:52,2026-09-08T13:16:52-06:00,https://apps.grupoice.com/CenceWeb/CenceBoletinIntraDiario.jsf?init=true
Hídrico,Toro III,40.49,2026-09-08,13:16:52,2026-09-08T13:16:52-06:00,https://apps.grupoice.com/CenceWeb/CenceBoletinIntraDiario.jsf?init=true
Hídrico,Ventanas-Garita,70.36,2026-09-08,13:16:52,2026-09-08T13:16:52-06:00,https://apps.grupoice.com/CenceWeb/CenceBoletinIntraDiario.jsf?init=true
Intercambio,Intercambio Norte,-113.53,2026-09-08,13:16:52,2026-09-08T13:16:52-06:00,https://apps.grupoice.com/CenceWeb/CenceBoletinIntraDiario.jsf?init=true
Intercambio,Intercambio Sur,-0.35,2026-09-08,13:16:52,2026-09-08T13:16:52-06:00,https://apps.grupoice.com/CenceWeb/CenceBoletinIntraDiario.jsf?init=true
Solar,Otras Solar,6.79,2026-09-08,13:16:52,2026-09-08T13:16:52-06:00,https://apps.grupoice.com/CenceWeb/CenceBoletinIntraDiario.jsf?init=true
Solar,PSFV San Antonio,9.4,2026-09-08,13:16:52,2026-09-08T13:16:52-06:00,https://apps.grupoice.com/CenceWeb/CenceBoletinIntraDiario.jsf?init=true
Solar,Parque Solar Miravalles,0.11,2026-09-08,13:16:52,2026-09-08T13:16:52-06:00,https://apps.grupoice.com/CenceWeb/CenceBoletinIntraDiario.jsf?init=true
Solar,Privada Solar,17.57,2026-09-08,13:16:52,2026-09-08T13:16:52-06:00,https://apps.grupoice.com/CenceWeb/CenceBoletinIntraDiario.jsf?init=true
Térmico,Boca de Pozo,4.29,2026-09-08,13:16:52,2026-09-08T13:16:52-06:00,https://apps.grupoice.com/CenceWeb/CenceBoletinIntraDiario.jsf?init=true
Térmico,Garabito,154.72,2026-09-08,13:16:52,2026-09-08T13:16:52-06:00,https://apps.grupoice.com/CenceWeb/CenceBoletinIntraDiario.jsf?init=true
Térmico,Guápiles,6.18,2026-09-08,13:16:52,2026-09-08T13:16:52-06:00,https://apps.grupoice.com/CenceWeb/CenceBoletinIntraDiario.jsf?init=true
Térmico,Las Pailas II,51.92,2026-09-08,13:16:52,2026-09-08T13:16:52-06:00,https://apps.grupoice.com/CenceWeb/CenceBoletinIntraDiario.jsf?init=true
Térmico,Miravalles I,0.0,2026-09-08,13:16:52,2026-09-08T13:16:52-06:00,https://apps.grupoice.com/CenceWeb/CenceBoletinIntraDiario.jsf?init=true
Térmico,Miravalles II,45.72,2026-09-08,13:16:52,2026-09-08T13:16:52-06:00,https://apps.grupoice.com/CenceWeb/CenceBoletinIntraDiario.jsf?init=true
Térmico,Miravalles III,17.96,2026-09-08,13:16:52,2026-09-08T13:16:52-06:00,https://apps.grupoice.com/CenceWeb/CenceBoletinIntraDiario.jsf?init=true
Térmico,Moín II,53.71,2026-09-08,13:16:52,2026-09-08T13:16:52-06:00,https://apps.grupoice.com/CenceWeb/CenceBoletinIntraDiario.jsf?init=true
Térmico,Moín III,31.1,2026-09-08,13:16:52,2026-09-08T13:16:52-06:00,https://apps.grupoice.com/CenceWeb/CenceBoletinIntraDiario.jsf?init=true
Térmico,Orotina,9.35,2026-09-08,13:16:52,2026-09-08T13:16:52-06:00,https://apps.grupoice.com/CenceWeb/CenceBoletinIntraDiario.jsf?init=true
Térmico,PTA Garabito,0.0,2026-09-08,13:16:52,2026-09-08T13:16:52-06:00,https://apps.grupoice.com/CenceWeb/CenceBoletinIntraDiario.jsf?init=true
Térmico,PTA Moín,0.0,2026-09-08,13:16:52,2026-09-08T13:16:52-06:00,https://apps.grupoice.com/CenceWeb/CenceBoletinIntraDiario.jsf?init=true
Térmico,Pailas,30.75,2026-09-08,13:16:52,2026-09-08T13:16:52-06:00,https://apps.grupoice.com/CenceWeb/CenceBoletinIntraDiario.jsf?init=true
Biomasa,Privada Térmico Bagazo,0.0,2026-09-08,16:24:03,2026-09-08T16:24:03-06:00,https://apps.grupoice.com/CenceWeb/CenceBoletinIntraDiario.jsf?init=true
Eólico,BOT Eólico,48.17,2026-09-08,16:24:03,2026-09-08T16:24:03-06:00,https://apps.grupoice.com/CenceWeb/CenceBoletinIntraDiario.jsf?init=true
Eólico,Distribuidoras,56.83,2026-09-08,16:24:03,2026-09-08T16:24:03-06:00,https://apps.grupoice.com/CenceWeb/CenceBoletinIntraDiario.jsf?init=true
Eólico,Privada Eólico,77.52,2026-09-08,16:24:03,2026-09-08T16:24:03-06:00,https://apps.grupoice.com/CenceWeb/CenceBoletinIntraDiario.jsf?init=true
Hídrico,Angostura,118.86,2026-09-08,16:24:03,2026-09-08T16:24:03-06:00,https://apps.grupoice.com/CenceWeb/CenceBoletinIntraDiario.jsf?init=true
Hídrico,Arenal,102.7,2026-09-08,16:24:03,2026-09-08T16:24:03-06:00,https://apps.grupoice.com/CenceWeb/CenceBoletinIntraDiario.jsf?init=true
Hídrico,BOT Hidro,94.83,2026-09-08,16:24:03,2026-09-08T16:24:03-06:00,https://apps.grupoice.com/CenceWeb/CenceBoletinIntraDiario.jsf?init=true
Hídrico,Cachí,75.76,2026-09-08,16:24:03,2026-09-08T16:24:03-06:00,https://apps.grupoice.com/CenceWeb/CenceBoletinIntraDiario.jsf?init=true
Hídrico,Cariblanco,27.47,2026-09-08,16:24:03,2026-09-08T16:24:03-06:00,https://apps.grupoice.com/CenceWeb/CenceBoletinIntraDiario.jsf?init=true
Hídrico,Dengo,118.38,2026-09-08,16:24:03,2026-09-08T16:24:03-06:00,https://apps.grupoice.com/CenceWeb/CenceBoletinIntraDiario.jsf?init=true
Hídrico,Distribuidoras,232.44,2026-09-08,16:24:03,2026-09-08T16:24:03-06:00,https://apps.grupoice.com/CenceWeb/CenceBoletinIntraDiario.jsf?init=true
Hídrico,Echandi,0.0,2026-09-08,16:24:03,2026-09-08T16:24:03-06:00,https://apps.grupoice.com/CenceWeb/CenceBoletinIntraDiario.jsf?init=true
Hídrico,El General,26.3,2026-09-08,16:24:03,2026-09-08T16:24:03-06:00,https://apps.grupoice.com/CenceWeb/CenceBoletinIntraDiario.jsf?init=true
Hídrico,Garita,0.01,2026-09-08,16:24:03,2026-09-08T16:24:03-06:00,https://apps.grupoice.com/CenceWeb/CenceBoletinIntraDiario.jsf?init=true
Hídrico,La Joya,32.29,2026-09-08,16:24:03,2026-09-08T16:24:03-06:00,https://apps.grupoice.com/CenceWeb/CenceBoletinIntraDiario.jsf?init=true
Hídrico,Peñas Blancas,31.25,2026-09-08,16:24:03,2026-09-08T16:24:03-06:00,https://apps.grupoice.com/CenceWeb/CenceBoletinIntraDiario.jsf?init=true
Hídrico,Pirrís,47.34,2026-09-08,16:24:03,2026-09-08T16:24:03-06:00,https://apps.grupoice.com/CenceWeb/CenceBoletinIntraDiario.jsf?init=true
Hídrico,Privada Hidro,16.65,2026-09-08,16:24:03,2026-09-08T16:24:03-06:00,https://apps.grupoice.com/CenceWeb/CenceBoletinIntraDiario.jsf?init=true
Hídrico,Reventazón,276.32,2026-09-08,16:24:03,2026-09-08T16:24:03-06:00,https://apps.grupoice.com/CenceWeb/CenceBoletinIntraDiario.jsf?init=true
Hídrico,Río Macho,32.34,2026-09-08,16:24:03,2026-09-08T16:24:03-06:00,https://apps.grupoice.com/CenceWeb/CenceBoletinIntraDiario.jsf?init=true
Hídrico,Sandillal,16.29,2026-09-08,16:24:03,2026-09-08T16:24:03-06:00,https://apps.grupoice.com/CenceWeb/CenceBoletinIntraDiario.jsf?init=true
Hídrico,Toro I,12.0,2026-09-08,16:24:03,2026-09-08T16:24:03-06:00,https://apps.grupoice.com/CenceWeb/CenceBoletinIntraDiario.jsf?init=true
Hídrico,Toro II,14.81,2026-09-08,16:24:03,2026-09-08T16:24:03-06:00,https://apps.grupoice.com/CenceWeb/CenceBoletinIntraDiario.jsf?init=true
Hídrico,Toro III,11.1,2026-09-08,16:24:03,2026-09-08T16:24:03-06:00,https://apps.grupoice.com/CenceWeb/CenceBoletinIntraDiario.jsf?init=true
Hídrico,Ventanas-Garita,69.28,2026-09-08,16:24:03,2026-09-08T16:24:03-06:00,https://apps.grupoice.com/CenceWeb/CenceBoletinIntraDiario.jsf?init=true
Intercambio,Intercambio Norte,-88.14,2026-09-08,16:24:03,2026-09-08T16:24:03-06:00,https://apps.grupoice.com/CenceWeb/CenceBoletinIntraDiario.jsf?init=true
Intercambio,Intercambio Sur,0.63,2026-09-08,16:24:03,2026-09-08T16:24:03-06:00,https://apps.grupoice.com/CenceWeb/CenceBoletinIntraDiario.jsf?init=true
Solar,Otras Solar,2.74,2026-09-08,16:24:03,2026-09-08T16:24:03-06:00,https://apps.grupoice.com/CenceWeb/CenceBoletinIntraDiario.jsf?init=true
Solar,PSFV San Antonio,3.26,2026-09-08,16:24:03,2026-09-08T16:24:03-06:00,https://apps.grupoice.com/CenceWeb/CenceBoletinIntraDiario.jsf?init=true
Solar,Parque Solar Miravalles,0.02,2026-09-08,16:24:03,2026-09-08T16:24:03-06:00,https://apps.grupoice.com/CenceWeb/CenceBoletinIntraDiario.jsf?init=true
Solar,Privada Solar,10.7,2026-09-08,16:24:03,2026-09-08T16:24:03-06:00,https://apps.grupoice.com/CenceWeb/CenceBoletinIntraDiario.jsf?init=true
Térmico,Boca de Pozo,4.29,2026-09-08,16:24:03,2026-09-08T16:24:03-06:00,https://apps.grupoice.com/CenceWeb/CenceBoletinIntraDiario.jsf?init=true
Térmico,Garabito,153.1,2026-09-08,16:24:03,2026-09-08T16:24:03-06:00,https://apps.grupoice.com/CenceWeb/CenceBoletinIntraDiario.jsf?init=true
Térmico,Guápiles,11.73,2026-09-08,16:24:03,2026-09-08T16:24:03-06:00,https://apps.grupoice.com/CenceWeb/CenceBoletinIntraDiario.jsf?init=true
Térmico,Las Pailas II,52.16,2026-09-08,16:24:03,2026-09-08T16:24:03-06:00,https://apps.grupoice.com/CenceWeb/CenceBoletinIntraDiario.jsf?init=true
Térmico,Miravalles I,0.0,2026-09-08,16:24:03,2026-09-08T16:24:03-06:00,https://apps.grupoice.com/CenceWeb/CenceBoletinIntraDiario.jsf?init=true
Térmico,Miravalles II,45.41,2026-09-08,16:24:03,2026-09-08T16:24:03-06:00,https://apps.grupoice.com/CenceWeb/CenceBoletinIntraDiario.jsf?init=true
Térmico,Miravalles III,18.01,2026-09-08,16:24:03,2026-09-08T16:24:03-06:00,https://apps.grupoice.com/CenceWeb/CenceBoletinIntraDiario.jsf?init=true
Térmico,Moín II,82.24,2026-09-08,16:24:03,2026-09-08T16:24:03-06:00,https://apps.grupoice.com/CenceWeb/CenceBoletinIntraDiario.jsf?init=true
Térmico,Moín III,31.56,2026-09-08,16:24:03,2026-09-08T16:24:03-06:00,https://apps.grupoice.com/CenceWeb/CenceBoletinIntraDiario.jsf?init=true
Térmico,Orotina,9.94,2026-09-08,16:24:03,2026-09-08T16:24:03-06:00,https://apps.grupoice.com/CenceWeb/CenceBoletinIntraDiario.jsf?init=true
Térmico,PTA Garabito,0.0,2026-09-08,16:24:03,2026-09-08T16:24:03-06:00,https://apps.grupoice.com/CenceWeb/CenceBoletinIntraDiario.jsf?init=true
Térmico,PTA Moín,0.0,2026-09-08,16:24:03,2026-09-08T16:24:03-06:00,https://apps.grupoice.com/CenceWeb/CenceBoletinIntraDiario.jsf?init=true
Térmico,Pailas,30.73,2026-09-08,16:24:03,2026-09-08T16:24:03-06:00,https://apps.grupoice.com/CenceWeb/CenceBoletinIntraDiario.jsf?init=true
Biomasa,Privada Térmico Bagazo,0.0,2026-09-08,21:24:13,2026-09-08T21:24:13-06:00,https://apps.grupoice.com/CenceWeb/CenceBoletinIntraDiario.jsf?init=true
Eólico,BOT Eólico,66.44,2026-09-08,21:24:13,2026-09-08T21:24:13-06:00,https://apps.grupoice.com/CenceWeb/CenceBoletinIntraDiario.jsf?init=true
Eólico,Distribuidoras,67.06,2026-09-08,21:24:13,2026-09-08T21:24:13-06:00,https://apps.grupoice.com/CenceWeb/CenceBoletinIntraDiario.jsf?init=true
Eólico,Privada Eólico,108.69,2026-09-08,21:24:13,2026-09-08T21:24:13-06:00,https://apps.grupoice.com/CenceWeb/CenceBoletinIntraDiario.jsf?init=true
Hídrico,Angostura,118.95,2026-09-08,21:24:13,2026-09-08T21:24:13-06:00,https://apps.grupoice.com/CenceWeb/CenceBoletinIntraDiario.jsf?init=true
Hídrico,Arenal,103.48,2026-09-08,21:24:13,2026-09-08T21:24:13-06:00,https://apps.grupoice.com/CenceWeb/CenceBoletinIntraDiario.jsf?init=true
Hídrico,BOT Hidro,70.1,2026-09-08,21:24:13,2026-09-08T21:24:13-06:00,https://apps.grupoice.com/CenceWeb/CenceBoletinIntraDiario.jsf?init=true
Hídrico,Cachí,75.51,2026-09-08,21:24:13,2026-09-08T21:24:13-06:00,https://apps.grupoice.com/CenceWeb/CenceBoletinIntraDiario.jsf?init=true
Hídrico,Cariblanco,58.07,2026-09-08,21:24:13,2026-09-08T21:24:13-06:00,https://apps.grupoice.com/CenceWeb/CenceBoletinIntraDiario.jsf?init=true
Hídrico,Dengo,118.17,2026-09-08,21:24:13,2026-09-08T21:24:13-06:00,https://apps.grupoice.com/CenceWeb/CenceBoletinIntraDiario.jsf?init=true
Hídrico,Distribuidoras,132.52,2026-09-08,21:24:13,2026-09-08T21:24:13-06:00,https://apps.grupoice.com/CenceWeb/CenceBoletinIntraDiario.jsf?init=true
Hídrico,Echandi,0.0,2026-09-08,21:24:13,2026-09-08T21:24:13-06:00,https://apps.grupoice.com/CenceWeb/CenceBoletinIntraDiario.jsf?init=true
Hídrico,El General,14.16,2026-09-08,21:24:13,2026-09-08T21:24:13-06:00,https://apps.grupoice.com/CenceWeb/CenceBoletinIntraDiario.jsf?init=true
Hídrico,Garita,0.0,2026-09-08,21:24:13,2026-09-08T21:24:13-06:00,https://apps.grupoice.com/CenceWeb/CenceBoletinIntraDiario.jsf?init=true
Hídrico,La Joya,33.44,2026-09-08,21:24:13,2026-09-08T21:24:13-06:00,https://apps.grupoice.com/CenceWeb/CenceBoletinIntraDiario.jsf?init=true
Hídrico,Peñas Blancas,24.76,2026-09-08,21:24:13,2026-09-08T21:24:13-06:00,https://apps.grupoice.com/CenceWeb/CenceBoletinIntraDiario.jsf?init=true
Hídrico,Pirrís,21.37,2026-09-08,21:24:13,2026-09-08T21:24:13-06:00,https://apps.grupoice.com/CenceWeb/CenceBoletinIntraDiario.jsf?init=true
Hídrico,Privada Hidro,46.82,2026-09-08,21:24:13,2026-09-08T21:24:13-06:00,https://apps.grupoice.com/CenceWeb/CenceBoletinIntraDiario.jsf?init=true
Hídrico,Reventazón,244.14,2026-09-08,21:24:13,2026-09-08T21:24:13-06:00,https://apps.grupoice.com/CenceWeb/CenceBoletinIntraDiario.jsf?init=true
Hídrico,Río Macho,63.84,2026-09-08,21:24:13,2026-09-08T21:24:13-06:00,https://apps.grupoice.com/CenceWeb/CenceBoletinIntraDiario.jsf?init=true
Hídrico,Sandillal,16.27,2026-09-08,21:24:13,2026-09-08T21:24:13-06:00,https://apps.grupoice.com/CenceWeb/CenceBoletinIntraDiario.jsf?init=true
Hídrico,Toro I,9.93,2026-09-08,21:24:13,2026-09-08T21:24:13-06:00,https://apps.grupoice.com/CenceWeb/CenceBoletinIntraDiario.jsf?init=true
Hídrico,Toro II,44.54,2026-09-08,21:24:13,2026-09-08T21:24:13-06:00,https://apps.grupoice.com/CenceWeb/CenceBoletinIntraDiario.jsf?init=true
Hídrico,Toro III,32.87,2026-09-08,21:24:13,2026-09-08T21:24:13-06:00,https://apps.grupoice.com/CenceWeb/CenceBoletinIntraDiario.jsf?init=true
Hídrico,Ventanas-Garita,44.93,2026-09-08,21:24:13,2026-09-08T21:24:13-06:00,https://apps.grupoice.com/CenceWeb/CenceBoletinIntraDiario.jsf?init=true
Intercambio,Intercambio Norte,-97.09,2026-09-08,21:24:13,2026-09-08T21:24:13-06:00,https://apps.grupoice.com/CenceWeb/CenceBoletinIntraDiario.jsf?init=true
Intercambio,Intercambio Sur,-1.26,2026-09-08,21:24:13,2026-09-08T21:24:13-06:00,https://apps.grupoice.com/CenceWeb/CenceBoletinIntraDiario.jsf?init=true
Solar,Otras Solar,0.0,2026-09-08,21:24:13,2026-09-08T21:24:13-06:00,https://apps.grupoice.com/CenceWeb/CenceBoletinIntraDiario.jsf?init=true
Solar,PSFV San Antonio,0.02,2026-09-08,21:24:13,2026-09-08T21:24:13-06:00,https://apps.grupoice.com/CenceWeb/CenceBoletinIntraDiario.jsf?init=true
Solar,Parque Solar Miravalles,0.0,2026-09-08,21:24:13,2026-09-08T21:24:13-06:00,https://apps.grupoice.com/CenceWeb/CenceBoletinIntraDiario.jsf?init=true
Solar,Privada Solar,0.0,2026-09-08,21:24:13,2026-09-08T21:24:13-06:00,https://apps.grupoice.com/CenceWeb/CenceBoletinIntraDiario.jsf?init=true
Térmico,Boca de Pozo,4.28,2026-09-08,21:24:13,2026-09-08T21:24:13-06:00,https://apps.grupoice.com/CenceWeb/CenceBoletinIntraDiario.jsf?init=true
Térmico,Garabito,154.54,2026-09-08,21:24:13,2026-09-08T21:24:13-06:00,https://apps.grupoice.com/CenceWeb/CenceBoletinIntraDiario.jsf?init=true
Térmico,Guápiles,11.81,2026-09-08,21:24:13,2026-09-08T21:24:13-06:00,https://apps.grupoice.com/CenceWeb/CenceBoletinIntraDiario.jsf?init=true
Térmico,Las Pailas II,51.99,2026-09-08,21:24:13,2026-09-08T21:24:13-06:00,https://apps.grupoice.com/CenceWeb/CenceBoletinIntraDiario.jsf?init=true
Térmico,Miravalles I,0.0,2026-09-08,21:24:13,2026-09-08T21:24:13-06:00,https://apps.grupoice.com/CenceWeb/CenceBoletinIntraDiario.jsf?init=true
Térmico,Miravalles II,45.21,2026-09-08,21:24:13,2026-09-08T21:24:13-06:00,https://apps.grupoice.com/CenceWeb/CenceBoletinIntraDiario.jsf?init=true
Térmico,Miravalles III,17.9,2026-09-08,21:24:13,2026-09-08T21:24:13-06:00,https://apps.grupoice.com/CenceWeb/CenceBoletinIntraDiario.jsf?init=true
Térmico,Moín II,57.62,2026-09-08,21:24:13,2026-09-08T21:24:13-06:00,https://apps.grupoice.com/CenceWeb/CenceBoletinIntraDiario.jsf?init=true
Térmico,Moín III,32.96,2026-09-08,21:24:13,2026-09-08T21:24:13-06:00,https://apps.grupoice.com/CenceWeb/CenceBoletinIntraDiario.jsf?init=true
Térmico,Orotina,9.98,2026-09-08,21:24:13,2026-09-08T21:24:13-06:00,https://apps.grupoice.com/CenceWeb/CenceBoletinIntraDiario.jsf?init=true
Térmico,PTA Garabito,0.0,2026-09-08,21:24:13,2026-09-08T21:24:13-06:00,https://apps.grupoice.com/CenceWeb/CenceBoletinIntraDiario.jsf?init=true
Térmico,PTA Moín,0.0,2026-09-08,21:24:13,2026-09-08T21:24:13-06:00,https://apps.grupoice.com/CenceWeb/CenceBoletinIntraDiario.jsf?init=true
Térmico,Pailas,30.66,2026-09-08,21:24:13,2026-09-08T21:24:13-06:00,https://apps.grupoice.com/CenceWeb/CenceBoletinIntraDiario.jsf?init=true
